country,total_population,pop_under_18,pop_under_5,an_pop_growth_2000_2020,an_pop_growth_2020_2030,,total_fertility,life_exp_1970,life_exp_2000,life_exp_2021,dep_ratio_total,dep_ratio_child,dep_ratio_oldage,urban_pop_share,ann_growth_rate_2000_2020,ann_growth_rate_2020_2030,,net_mig_rate,under_five_mort_1990,under_five_mort_1992,under_five_mort_1994,under_five_mort_1996,under_five_mort_1998,under_five_mort_2000,under_five_mort_2002,under_five_mort_2004,under_five_mort_2006,under_five_mort_2008,under_five_mort_2010,under_five_mort_2012,under_five_mort_2014,under_five_mort_2016,under_five_mort_2018,under_five_mort_2020,under_five_mort_2022,under_five_mort_2024,female_life_exp_2021,materal_universal_health_2019,family_planning_demand_2016_2021,antenatal_care_1_visit,antenatal_care_4_visit,per_birth_attendent,per_inst_delivery,per_c_section,num_materal_deaths,maternal_mort_ratio,total_ece_attendence,male_ece_attendance,female_ece_attendance,low20_ece_attend,high20_ece_attend,total_earlystim,male_earlystim,female_earlystim,low20_earlystim,high20_earlystim,books_athome,toys_athome,total_inq_sup,male_inq_sup,female_inq_sup,low20_inq_sup,high20_inq_sup,total_development_ontrack,male_development_ontrack,female_development_ontrack,low20_development_ontrack,high20_development_ontrack,oos_ male_age_beforeprimary,oos_female_age_beforeprimary,oos_male_primaryrate,oos_female_primaryrate,oos_male_lowsecrate,oos_female_lowsecrate,oos_male_upsecrate,oos_female_upsecrate,male_primary_complrate,female_primary_complrate,male_lowsec_complrate,female_lowsec_complrate,male_upsec_complrate,female_upsec_complrate,lo_grade3_prof_read,lo_grade3_prof_math,lo_endprim_prof_read,lo_endprim_prof_math,lo_lowsec_prof_read,lo_lowsec_prof_math,youth_lit_rate_male,youth_lit_rate_female,child_labor_total,child_labor_male,child_labor_female,child_marriage_female,child_marriage_male,child_under1_total,child_under5_total,child_under5_male,child_under5_female,mother_nb_cb,prop_child_socoprotect,bottom40_socoprotect_bene,top20_socoprotect_bene,bottom20_socoprotect_bene,bottom40_householdincomeshare,top20_householdincomeshare,bottom20_householdincomeshare,gini_coef,palma_index,vmr_ratio,gdp_percaptia,sigi_index,gender_eq_legal,maternity_leave,paternity_leave,ed_attan_us_male,ed_attan_us_female,rural_lf_part_rate_male,urban_lf_part_rate_male,total_lf_part_rate_male,rural_lf_part_rate_female,urban_lf_part_rate_female,total_lf_part_rate_female,rural_unemploy_male,urban_unemploy_male,total_unemploy_male,rural_unemploy_female,urban_unemploy_female,total_unemploy_female,male_mobilephone,female_mobilephone,finanical_inclusion_male,finanical_inclusion_female,unpaid_time_use_male,unpaid_time_use_female
Afghanistan,40099,20298,6491,3,2,1441,5,37,55,62,85,80,4,26,4,3,,-5,178,129,56,4,59,52,121,43,74,61,34,19,4,35,26,2,77811,49061,65,37,42,65,28,62,63,7,8700,620,1,1,1,0,4,73,74,73,72,80,2,53,40,42,39,43,27,-,-,-,-,-,-,-,-,-,-,-,44,69,67,40,49,26,32,14,-,-,-,-,-,-,71,42,13,14,12,28,7,51,42,43,42,2,0,-,-,-,-,-,-,31,-,-,507,Very high,-,No,Yes,12,5,75,72,75,24,17,22,10,12,10,8,35,14,-,-,23,7,-,-
Albania,2855,574,141,0,0,29,1,65,75,76,48,24,24,63,1,1,,-4,41,27,9,5,10,9,35,8,13,12,7,6,2,7,4,2,279,209,79,62,6,88,78,100,99,31,2,8,73,73,73,62,88,78,75,80,57,88,32,53,7,7,6,9,3,-,-,-,-,-,4,2,6,2,5,1,22,15,94,96,98,97,76,80,-,-,-,62,48,58,99,100,3,4,3,12,1,98,98,99,98,-,-,46,14,28,20,41,8,33,1,1,5353,Low,-,Yes,Yes,46,44,64,70,68,50,54,53,10,13,12,9,12,11,-,-,-,-,-,-
Algeria,44178,15526,4871,2,1,951,3,43,70,76,58,49,10,74,3,2,,0,52,42,22,3,24,21,44,19,24,22,16,9,3,20,10,3,21567,14888,78,75,77,95,70,99,99,25,760,78,14,14,15,6,26,61,60,62,48,77,8,49,13,13,12,13,13,77,74,79,70,85,-,-,-,-,-,-,-,-,93,96,60,78,35,59,-,-,-,-,21,19,98,97,3,3,2,4,-,99,100,100,100,11,-,-,-,-,23,37,9,28,1,1,3974,-,-,Yes,Yes,28,23,74,65,68,13,19,17,8,11,10,19,21,20,93,83,56,29,-,-
Andorra,79,13,3,1,0,1,1,74,81,80,38,18,20,88,1,0,,18,13,8,3,5,3,2,9,3,7,4,1,3,1,4,2,2,2,1,84,-,-,-,-,100,-,-,-,-,-,-,-,-,-,-,-,-,-,-,-,-,-,-,-,-,-,-,-,-,-,-,-,-,-,-,-,-,-,-,-,-,-,-,-,-,-,-,-,-,-,-,-,-,-,-,-,-,-,-,100,100,100,-,-,-,-,-,-,-,-,28,1,-,40886,-,-,-,-,48,47,-,-,-,-,-,-,-,-,-,-,-,-,-,-,-,-,-,-
Angola,34504,17833,5983,3,3,1339,5,40,46,62,91,87,5,67,5,3,,1,224,205,69,5,75,63,132,47,54,50,27,55,16,28,19,2,89896,35644,64,39,30,82,61,50,46,4,2900,222,11,10,11,7,20,-,-,-,-,-,-,-,-,-,-,-,-,-,-,-,-,-,31,39,-,-,-,-,-,-,63,57,42,32,24,15,-,-,-,-,-,-,-,-,19,17,20,30,6,12,25,25,25,-,-,-,-,-,12,56,4,51,3,1,2791,-,-,No,Yes,20,12,87,73,79,90,66,76,2,11,7,1,14,7,78,80,36,22,-,-
Anguilla,16,3,1,2,0,0,1,65,76,77,39,24,14,100,2,0,,7,17,10,4,4,4,4,14,4,9,5,2,3,1,-,-,-,1,0,80,-,-,-,-,100,-,-,-,-,-,-,-,-,-,-,-,-,-,-,-,-,-,-,-,-,-,-,-,-,-,-,14,0,-,-,-,-,-,-,-,-,-,-,-,-,-,-,-,-,-,-,-,-,-,-,-,-,-,-,-,-,-,73,2,-,-,-,-,-,-,-,-,-,-,-,-,-,-,-,-,-,-,-,-,-,-,-,-,-,-,-,-,-,-,-,-,-,-
Antigua and Barbuda,93,21,5,1,0,1,2,70,75,78,41,27,14,24,0,1,,0,14,16,6,4,7,6,11,5,8,10,3,3,2,9,5,3,7,4,81,72,-,100,100,99,-,-,0,21,-,-,-,-,-,-,-,-,-,-,-,-,-,-,-,-,-,-,-,-,-,-,14,4,2,2,2,3,12,13,-,-,-,-,-,-,-,-,-,-,-,-,-,-,-,-,-,-,-,-,-,-,-,37,-,-,-,-,-,-,-,-,-,-,17113,-,-,No,No,-,-,-,-,-,-,-,-,-,-,-,-,-,-,-,-,-,-,-,-
Argentina,45277,12669,3333,1,1,629,2,66,74,75,54,36,18,92,1,1,,0,29,20,7,5,8,6,25,6,15,11,5,3,1,8,4,3,4410,3232,79,73,-,95,90,99,100,47,290,45,64,63,66,59,84,85,83,88,77,94,48,88,6,6,6,7,3,86,85,87,83,88,1,0,-,-,1,1,15,7,96,98,74,85,54,66,-,-,-,-,48,31,99,100,-,-,-,15,-,99,100,100,99,32,80,75,6,49,14,48,5,42,2,1,9912,-,-,No,Yes,32,36,69,75,73,49,53,51,7,10,9,9,12,11,-,-,-,-,-,-
Armenia,2791,669,183,-1,0,34,2,64,71,72,50,31,19,63,-1,0,,-5,49,31,11,5,12,10,42,10,23,16,6,3,2,20,11,3,372,190,77,69,40,100,96,100,99,18,10,27,-,-,-,-,-,-,-,-,-,-,-,-,-,-,-,-,-,-,-,-,-,-,36,38,11,10,11,9,13,1,99,99,95,99,69,79,-,-,-,64,-,50,100,100,4,5,3,5,0,100,99,99,99,62,30,58,9,36,22,39,9,34,1,1,4623,Low,80,Yes,No,90,90,68,63,65,49,39,43,11,23,18,11,27,20,76,77,56,41,-,-
Australia,25921,5667,1537,1,1,298,2,71,80,85,54,28,25,86,2,1,,5,9,6,4,2,4,3,8,3,5,4,2,2,1,4,2,2,1111,706,86,87,-,98,92,99,99,31,9,3,-,-,-,-,-,-,-,-,-,-,-,-,-,-,-,-,-,-,-,-,-,-,18,18,1,2,2,2,9,6,-,-,-,-,-,-,94,70,-,68,80,78,-,-,-,-,-,-,-,-,100,100,100,100,100,-,-,-,20,42,7,33,1,1,55057,Very low,-,Yes,Yes,81,79,68,73,71,58,62,61,4,6,5,4,6,5,-,-,-,-,-,-
Austria,8922,1542,431,1,0,85,1,70,78,82,51,22,29,59,0,1,,2,10,6,4,2,4,3,8,3,5,3,2,2,1,3,2,1,308,198,84,82,-,-,-,98,99,24,4,5,-,-,-,-,-,-,-,-,-,-,-,-,-,-,-,-,-,-,-,-,-,-,2,1,0,0,1,0,11,9,-,-,-,-,-,-,-,-,98,84,76,79,-,-,-,-,-,-,-,-,100,100,100,100,100,-,-,-,21,39,8,28,1,1,50122,Very low,-,Yes,Yes,86,75,67,67,67,56,55,55,2,6,5,2,6,4,-,-,-,-,-,-
Azerbaijan,10313,2896,705,1,0,127,2,59,65,69,44,34,10,57,2,1,,0,95,75,19,7,20,17,76,17,31,34,10,6,3,19,9,4,2435,1210,73,65,22,92,96,100,96,26,54,41,11,12,11,5,20,-,-,-,-,-,-,-,-,-,-,-,-,-,-,-,-,-,16,17,12,9,1,0,0,0,-,-,-,-,-,-,-,-,81,72,-,-,100,100,-,-,-,11,0,88,94,93,94,16,17,29,33,17,-,-,-,27,1,1,4793,Low,-,Yes,No,92,85,66,72,70,60,65,63,3,5,4,4,7,6,88,80,29,28,-,-
Bahamas,408,100,23,1,1,5,1,66,72,72,39,27,12,83,1,1,,1,23,16,13,1,14,12,20,11,14,8,7,4,2,12,11,0,61,33,75,70,-,98,85,99,-,-,4,77,-,-,-,-,-,-,-,-,-,-,-,-,-,-,-,-,-,-,-,-,-,-,64,60,-,-,-,-,-,-,-,-,-,-,-,-,-,-,-,-,-,-,-,-,-,-,-,-,-,-,-,-,-,47,-,-,-,-,-,-,-,41,2,-,34864,-,-,No,No,81,82,79,83,82,68,71,70,10,10,10,10,10,10,-,-,-,-,-,-
Bahrain,1463,348,98,3,1,18,2,64,75,79,31,27,5,90,4,1,,-6,23,12,7,3,7,7,20,6,15,5,3,4,2,8,6,2,128,52,80,71,-,100,100,100,98,-,3,16,-,-,-,-,-,-,-,-,-,-,-,-,-,-,-,-,-,-,-,-,-,-,31,28,2,3,7,0,18,6,-,-,-,-,-,-,-,-,69,54,-,55,-,-,-,-,-,-,-,-,100,100,100,-,57,-,-,-,-,-,-,60,-,-,23504,-,-,No,Yes,69,67,84,89,87,44,46,45,0,1,1,4,5,5,100,100,86,75,-,-
Bangladesh,169356,54801,14663,1,1,3020,2,43,66,72,48,39,9,39,4,3,,-1,146,86,27,6,29,25,101,23,66,44,16,24,5,41,21,3,82081,48319,74,51,77,75,37,59,53,36,3700,123,19,19,19,15,26,63,63,63,47,79,6,67,11,11,11,17,6,75,71,78,68,84,-,-,-,-,40,25,40,33,76,89,59,71,32,27,-,-,-,-,-,-,93,96,7,9,5,51,4,40,56,56,56,21,29,44,18,24,21,41,9,48,3,1,1856,Very high,-,Yes,No,42,32,81,82,82,39,31,36,3,4,3,6,9,7,-,-,-,-,-,-
Barbados,281,59,15,0,0,3,2,68,74,78,49,26,23,31,0,1,,0,18,15,12,1,13,11,16,11,12,9,8,3,2,8,8,0,36,24,79,74,70,93,88,98,100,21,1,39,90,88,91,90,97,97,97,97,100,100,85,76,1,2,1,0,3,97,95,99,100,100,13,12,2,3,4,4,8,4,99,99,98,98,91,97,-,-,-,-,-,-,-,-,1,2,1,29,-,94,99,99,99,-,-,-,-,-,-,-,-,32,3,-,18148,-,-,No,No,23,25,67,70,69,60,63,62,10,10,10,10,10,10,-,-,-,-,-,-
Belarus,9578,1901,474,0,0,89,1,71,69,72,51,25,25,80,0,0,,1,15,13,3,7,3,2,12,2,10,5,1,4,1,5,2,4,251,78,78,74,73,100,100,100,100,31,1,1,91,91,91,80,95,97,96,98,92,99,91,81,2,2,2,3,3,87,84,89,82,87,0,4,5,6,1,1,8,5,100,100,99,99,98,98,82,73,-,-,77,71,100,100,4,5,3,5,2,-,100,100,100,100,-,50,17,27,24,35,10,25,1,1,6698,Low,50,Yes,No,96,94,68,74,72,55,60,58,4,7,6,2,4,4,95,97,81,81,-,-
Belgium,11611,2329,599,1,0,116,2,71,78,82,57,26,30,98,1,0,,5,10,6,4,2,5,4,8,3,5,3,2,2,1,3,3,1,476,283,84,85,-,-,-,-,-,18,5,5,-,-,-,-,-,-,-,-,-,-,-,-,-,-,-,-,-,-,-,-,-,-,4,3,1,0,0,0,2,2,-,-,-,-,-,-,-,-,97,80,79,80,-,-,-,-,-,0,-,-,100,100,100,100,100,-,-,-,23,36,9,25,1,1,46345,Very low,-,Yes,Yes,72,71,60,59,59,52,49,49,4,6,6,4,5,5,-,-,-,-,-,-
Belize,400,136,37,2,1,7,2,63,69,70,50,42,7,46,2,2,,1,38,24,11,4,12,10,31,10,19,12,7,5,3,10,7,2,80,53,74,67,65,97,93,95,96,34,9,130,55,52,58,29,72,88,89,86,80,94,44,68,13,15,11,15,11,83,80,85,76,91,15,16,1,2,14,16,35,28,95,96,55,66,48,51,-,-,-,-,-,-,-,-,3,4,3,34,22,90,96,95,96,20,3,-,-,-,-,-,-,53,4,1,4815,-,-,Yes,No,41,46,83,79,81,43,58,50,3,6,4,9,10,10,-,-,-,-,-,-
Benin,12997,6376,2137,3,2,476,5,42,57,60,84,78,6,49,4,3,,0,173,137,84,2,89,77,104,55,45,39,29,42,19,28,20,2,38680,13907,61,38,28,83,52,78,84,5,2500,523,19,18,20,5,49,39,39,39,32,56,2,55,29,28,30,36,22,54,52,56,45,65,15,16,4,10,38,46,59,69,51,44,25,13,12,5,38,62,46,19,-,-,70,52,25,24,26,31,5,87,86,85,86,41,12,-,-,-,13,52,3,48,3,1,1219,Medium,-,Yes,Yes,2,0,76,69,73,72,65,69,1,4,2,1,4,3,-,-,-,-,-,-
Bhutan,777,220,51,1,1,10,1,40,62,72,41,32,9,43,4,2,,0,127,77,27,5,29,24,89,22,42,32,15,17,7,17,9,3,263,144,74,62,85,98,85,96,94,12,6,60,10,10,10,3,27,54,52,57,40,73,6,52,14,13,15,17,7,72,68,75,67,80,58,59,5,2,18,6,33,22,67,71,41,38,25,18,-,-,-,-,-,-,-,-,4,3,4,26,-,100,100,100,100,10,14,-,-,-,18,44,7,37,2,1,3316,-,-,No,Yes,20,14,73,76,74,64,49,60,1,3,2,2,6,3,-,-,-,-,-,-
Bolivia (Plurinational State of),12079,4470,1272,2,1,264,3,47,62,64,56,49,8,70,2,2,,0,121,76,25,5,27,22,84,20,41,29,13,12,4,16,9,3,6484,3477,67,67,50,96,86,81,80,33,420,161,21,19,23,-,-,-,-,-,-,-,-,-,-,-,-,-,-,-,-,-,-,-,7,7,5,5,12,11,22,22,91,93,84,82,66,65,48,38,15,8,-,-,100,100,14,14,13,20,5,-,92,-,-,59,66,43,24,25,15,47,5,43,2,1,3552,Low,-,No,Yes,81,79,93,75,81,78,58,64,1,5,3,1,5,4,-,-,-,-,-,-
Bosnia and Herzegovina,3271,588,154,-1,-1,28,1,67,74,75,49,22,27,49,0,0,,-8,18,10,6,3,6,5,16,5,11,7,4,3,1,4,3,2,159,113,78,65,22,87,84,100,100,14,2,6,13,12,14,2,31,95,95,96,87,100,56,56,2,2,2,3,1,96,95,98,95,94,70,71,13,13,5,7,20,17,99,100,97,97,92,92,-,-,-,40,46,-,-,-,-,-,-,3,0,98,100,100,99,100,-,37,25,16,20,41,8,33,1,1,6109,Low,-,Yes,Yes,80,59,58,58,58,34,42,37,12,16,14,19,18,19,-,-,-,-,-,-
Botswana,2588,1000,297,2,1,61,3,55,51,61,57,52,6,72,3,2,,1,45,74,35,4,38,31,34,28,18,8,18,19,7,11,15,-1,2131,1098,64,54,-,94,73,100,100,-,120,186,24,-,-,-,-,-,-,-,-,-,-,-,-,-,-,-,-,-,-,-,-,-,79,78,10,8,11,9,21,18,95,98,92,92,55,66,-,-,-,-,-,-,-,-,-,-,-,-,-,79,88,87,88,24,4,22,36,7,11,59,4,53,4,1,7961,-,-,No,No,2,1,78,75,76,63,67,65,13,15,14,20,21,21,-,-,-,-,-,-
Brazil,214326,53465,14241,1,0,2761,2,57,70,73,43,29,14,87,1,1,,0,63,35,14,4,16,13,53,13,26,19,8,4,2,10,7,2,40107,23391,76,75,89,97,93,99,99,56,2000,72,93,-,-,-,-,-,-,-,-,-,-,-,-,-,-,-,-,-,-,-,-,-,0,1,1,1,3,1,16,14,95,97,81,89,65,75,-,-,-,-,50,32,99,99,5,5,5,26,-,-,96,-,-,48,68,59,4,33,11,58,3,54,4,1,8717,Low,80,Yes,Yes,45,50,68,76,74,38,58,55,8,11,10,13,14,14,88,90,73,68,5,12
British Virgin Islands,31,6,1,2,1,0,1,67,74,74,33,20,13,49,3,1,,4,19,16,10,2,11,9,17,10,10,8,5,3,2,-,-,-,2,1,78,-,-,-,-,-,-,-,-,-,-,-,-,-,-,-,-,-,-,-,-,-,-,-,-,-,-,-,-,-,-,-,6,0,-,-,-,-,24,16,-,-,-,-,-,-,-,-,-,-,-,-,-,-,-,-,-,-,-,-,-,-,-,-,-,-,-,-,-,-,-,-,-,-,-,-,-,-,-,19,21,-,-,-,-,-,-,-,-,-,-,-,-,76,77,-,-,-,-
Brunei Darussalam,445,119,32,1,1,6,2,64,74,75,39,31,8,79,2,1,,0,13,10,11,-1,12,10,10,10,6,5,6,4,2,5,5,0,72,38,77,77,-,99,93,100,100,-,3,44,-,-,-,-,-,-,-,-,-,-,-,-,-,-,-,-,-,-,-,-,-,-,5,6,2,2,-,-,19,14,-,-,-,-,-,-,-,-,-,-,48,52,100,100,-,-,-,-,-,-,100,-,-,63,-,-,-,-,-,-,-,56,5,-,31087,-,-,No,No,64,62,68,74,73,53,57,56,11,5,6,13,7,8,91,99,-,-,-,-
Bulgaria,6886,1156,306,-1,-1,58,2,71,72,72,57,22,35,76,0,-1,,-1,18,17,6,5,7,6,15,5,8,8,3,4,2,8,5,2,377,175,76,70,-,-,-,100,100,47,4,7,-,-,-,-,-,-,-,-,-,-,-,-,-,-,-,-,-,-,-,-,-,-,16,17,15,15,14,15,14,18,-,-,-,-,-,-,-,-,95,71,53,56,-,-,-,-,-,-,-,-,100,100,100,100,49,-,-,-,17,48,6,41,2,1,9828,Low,-,Yes,Yes,79,77,56,67,64,40,55,50,8,3,5,8,3,4,-,-,-,-,-,-
Burkina Faso,22101,11244,3568,3,2,786,5,39,51,59,87,83,5,31,5,4,,-1,199,179,83,4,87,78,99,52,46,41,25,38,17,29,20,2,63466,19832,61,43,53,93,47,80,82,4,2000,264,3,3,3,-,-,14,14,14,12,26,-,-,-,-,-,-,-,-,-,-,-,-,79,79,24,25,49,44,68,66,32,29,13,6,6,2,34,61,33,25,-,-,64,54,42,44,40,52,4,73,77,77,77,0,-,3,68,2,20,44,8,35,1,1,787,Medium,-,Yes,Yes,9,4,77,70,75,60,56,59,4,7,5,3,10,5,-,-,-,-,-,-
Burundi,12551,6655,2054,3,2,438,5,43,48,62,95,90,5,14,6,5,,-1,170,155,53,5,57,48,103,38,39,37,20,59,19,29,18,2,22715,8943,64,44,40,99,49,85,84,4,2200,494,7,7,7,1,31,58,58,59,56,67,0,35,42,42,42,43,30,40,34,46,33,54,52,50,12,8,33,26,65,59,46,54,26,19,4,3,79,99,5,18,-,-,-,-,31,30,32,19,1,73,84,84,83,-,-,-,-,-,18,46,7,39,2,1,261,-,-,No,Yes,8,4,79,70,78,84,58,81,1,8,2,0,8,1,25,12,7,7,-,-
Cabo Verde,588,188,50,1,1,10,2,54,69,74,47,39,8,67,2,1,,-2,60,38,14,5,15,12,47,12,20,19,8,6,2,15,9,2,136,84,79,69,73,99,86,97,97,11,4,42,88,87,88,-,-,-,-,-,-,-,-,-,-,-,-,-,-,-,-,-,-,-,19,18,7,8,12,13,29,24,-,-,-,-,-,-,-,-,-,-,-,-,-,-,-,-,-,8,2,-,91,-,-,19,38,-,-,-,15,49,6,46,2,1,3604,-,70,No,Yes,20,20,61,71,67,40,60,53,9,14,13,8,13,12,73,71,-,-,-,-
Cambodia,16589,5756,1613,1,1,321,2,39,59,70,53,45,8,25,3,3,,-1,116,106,25,7,28,22,85,21,40,35,13,32,4,25,11,4,8013,4119,72,61,57,95,76,89,83,6,710,218,15,12,17,7,38,45,42,48,33,60,4,34,10,10,10,16,4,73,74,73,67,82,30,29,11,11,17,12,54,56,68,79,41,39,20,20,-,-,11,19,8,10,-,-,13,12,14,19,4,64,73,74,73,2,5,-,-,-,-,-,-,31,1,1,1643,Low,-,No,No,15,5,89,84,88,80,69,77,0,0,0,0,0,0,62,62,22,22,-,-
Cameroon,27199,13339,4346,3,2,951,4,48,53,60,82,77,5,58,4,3,,0,136,144,70,4,75,64,85,47,40,35,26,32,21,24,19,1,64977,24360,62,44,45,87,65,69,67,4,4100,438,28,27,29,2,66,44,45,44,50,52,4,53,34,34,35,52,23,61,59,63,56,73,56,57,4,13,33,40,50,58,75,74,52,43,26,21,39,58,30,11,-,-,88,82,39,40,38,30,3,56,62,62,62,1,2,1,51,0,13,52,5,47,3,1,1507,Very high,50,Yes,Yes,25,11,84,78,81,78,63,71,1,5,3,1,8,4,-,-,39,30,5,16
Canada,38155,7215,1901,1,1,374,1,73,79,83,52,24,28,82,1,1,,5,8,6,5,1,5,5,7,4,4,4,3,2,1,3,3,1,1873,1274,85,89,-,100,99,98,98,26,41,11,-,-,-,-,-,-,-,-,-,-,-,-,-,-,-,-,-,-,-,-,-,-,2,2,-,-,0,0,12,12,-,-,-,-,-,-,-,-,96,69,86,84,-,-,-,-,-,-,-,-,100,100,100,100,40,-,-,-,20,41,7,30,1,1,46190,Very low,-,Yes,Yes,84,85,68,71,70,59,62,61,6,6,6,5,5,5,-,-,-,-,-,-
Central African Republic,5457,3045,985,2,3,235,6,45,45,54,103,98,5,43,2,4,,-16,177,166,100,2,107,93,115,75,51,43,32,30,23,31,26,1,22387,7483,56,32,28,52,41,40,58,2,1900,835,6,6,7,2,27,27,28,26,24,39,0,56,49,49,49,50,47,36,34,39,35,46,-,-,-,-,43,61,76,86,30,24,15,10,8,5,-,-,-,-,-,-,48,29,27,25,29,61,17,41,45,46,44,0,0,-,-,-,-,-,-,56,4,0,468,High,-,Yes,Yes,3,0,85,68,80,69,55,65,2,8,4,3,9,4,-,-,-,-,-,-
Chad,17180,9343,3218,3,3,745,6,41,47,53,99,95,4,24,4,4,,1,212,184,107,3,114,100,112,66,52,44,32,49,23,32,25,1,76471,24070,54,28,18,55,31,39,27,1,7800,1063,1,1,1,0,4,55,54,55,53,56,1,58,64,64,64,63,63,45,43,47,42,48,85,87,17,35,55,70,71,85,30,23,18,9,7,3,34,65,8,2,-,-,-,-,39,39,40,61,8,22,26,26,26,-,-,3,65,1,15,49,5,43,2,1,710,High,-,Yes,Yes,9,2,82,66,77,68,55,64,1,4,2,1,4,2,-,-,-,-,-,-
Chile,19493,4313,1151,1,0,229,2,62,77,79,45,27,18,88,1,0,,6,19,11,7,2,7,6,16,6,9,6,4,3,1,4,3,2,1492,981,81,80,-,-,-,100,100,50,34,15,-,-,-,-,-,93,93,94,91,96,-,98,1,1,1,1,0,-,-,-,-,-,4,5,0,1,3,4,5,5,96,97,94,97,83,88,-,-,-,-,68,33,-,-,6,7,5,-,-,-,99,-,-,47,69,42,11,19,16,51,6,48,3,1,14896,Medium,80,Yes,Yes,60,58,75,73,73,43,53,52,5,7,7,7,8,8,87,97,78,71,-,-
China,1425893,300092,74790,1,0,10882,1,57,72,78,45,26,19,63,3,1,,0,54,37,7,8,7,7,43,5,30,21,3,7,2,15,5,5,88271,34850,81,82,97,100,93,100,100,41,2800,23,-,-,-,-,-,-,-,-,-,-,-,-,-,-,-,-,-,-,-,-,-,-,-,-,-,-,-,-,-,-,97,97,93,93,63,67,82,85,-,-,80,79,100,100,-,-,-,-,-,-,-,-,-,69,3,48,16,24,17,45,7,47,2,1,10217,-,-,Yes,Yes,25,19,85,70,76,68,56,61,4,6,5,3,5,4,-,-,-,-,-,-
Colombia,51517,13536,3670,1,1,730,2,62,71,73,44,31,13,82,2,1,,4,36,25,13,3,14,11,29,11,18,14,7,5,2,9,7,1,9382,5106,76,78,87,97,90,99,97,43,550,75,36,-,-,-,-,-,-,-,-,-,-,-,-,-,-,-,-,-,-,-,-,-,1,0,2,1,2,0,18,16,91,95,74,81,69,78,-,-,-,-,50,35,99,99,7,7,7,23,7,94,97,97,97,-,36,68,3,39,12,56,4,53,4,1,6429,Very low,90,Yes,Yes,52,54,85,79,80,43,59,56,4,9,8,10,13,13,72,74,49,42,3,5
Comoros,822,363,114,2,2,24,4,45,59,63,74,67,7,30,2,3,,-2,126,96,50,3,52,47,89,39,50,40,26,16,5,30,24,1,1192,622,66,44,29,92,49,82,76,10,52,217,14,13,15,10,28,-,-,-,-,-,-,-,-,-,-,-,-,-,-,-,-,-,71,70,18,18,20,18,52,48,75,77,47,45,24,32,-,-,-,-,-,-,78,78,28,25,32,32,12,87,87,87,87,-,-,-,-,-,14,50,5,45,2,1,1370,-,-,Yes,No,-,-,57,57,57,35,34,34,5,8,6,9,12,10,-,-,-,-,-,-
Congo,5836,2786,847,3,2,179,4,54,54,64,79,74,5,68,4,3,,-1,91,114,43,5,47,39,60,32,27,30,18,31,7,21,16,1,7604,3297,65,40,43,94,79,91,92,5,500,282,36,36,37,7,77,59,59,58,47,77,3,51,42,42,41,54,30,61,57,65,46,72,71,70,15,16,-,-,-,-,78,82,56,45,28,19,63,86,34,8,-,-,85,79,14,13,15,27,6,94,96,96,96,-,-,-,-,-,12,54,4,49,3,1,2280,-,-,Yes,No,14,4,78,67,71,77,61,68,3,14,9,3,17,10,-,-,-,-,-,-
Cook Islands,17,5,1,0,0,0,2,64,70,75,54,36,17,76,1,0,,-9,24,18,7,4,7,7,20,6,13,10,4,5,2,10,5,3,2,1,79,-,-,100,-,100,100,-,-,-,-,-,-,-,-,-,-,-,-,-,-,-,-,-,-,-,-,-,-,-,-,-,14,0,2,2,1,1,34,22,-,-,-,-,-,-,-,-,-,-,-,-,-,-,-,-,-,-,-,-,100,100,100,-,100,-,-,-,-,-,-,-,-,-,-,-,-,-,-,-,-,-,-,-,-,-,-,-,-,-,-,-,-,-,-,-,-,-,-
Costa Rica,5154,1278,329,1,1,61,2,65,78,77,45,30,15,81,3,1,,0,17,13,8,3,8,7,14,6,9,8,5,3,2,5,4,1,479,328,80,78,81,98,94,99,98,28,14,22,44,41,47,41,52,76,75,77,66,87,39,82,7,7,7,7,6,86,82,90,79,94,2,1,3,3,4,4,9,7,98,99,70,76,56,60,-,-,-,-,58,40,99,100,4,4,3,17,-,-,100,100,100,23,39,64,3,30,13,54,4,50,3,1,12244,Low,60,Yes,No,39,42,79,77,77,43,55,52,8,10,9,16,15,15,86,86,75,61,8,22
Côte d'Ivoire,27478,13379,4202,2,2,933,4,44,51,59,79,75,4,52,3,3,,-1,153,143,75,3,83,67,104,56,49,46,32,28,24,30,22,1,68056,30095,60,45,44,93,51,74,70,3,4400,480,14,14,15,2,51,29,29,29,18,61,1,45,20,20,19,20,18,63,61,65,63,72,78,72,0,7,40,44,53,63,60,53,36,22,17,15,33,68,22,3,-,-,93,76,22,22,23,27,4,66,72,75,71,-,-,4,57,1,16,48,6,61,6,1,2276,High,80,Yes,Yes,16,12,68,59,63,45,44,45,1,5,3,1,6,4,71,64,47,36,-,-
Croatia,4060,691,180,0,-1,35,1,69,75,78,57,22,34,58,0,0,,-3,13,8,5,3,5,4,11,4,8,6,3,3,1,5,3,3,165,97,81,73,-,-,98,100,-,24,2,5,82,81,82,-,-,-,-,-,-,-,-,-,-,-,-,-,-,-,-,-,-,-,4,5,-,-,-,-,14,10,-,-,-,-,-,-,-,-,-,70,78,69,-,-,-,-,-,-,-,-,100,100,100,100,-,61,12,39,21,38,8,29,1,1,14944,Very low,-,Yes,Yes,79,63,58,58,58,41,48,45,6,6,6,8,7,7,-,-,-,-,-,-
Cuba,11256,2142,553,0,0,100,1,68,76,74,46,23,23,77,0,0,,-1,14,9,5,3,5,4,11,4,7,4,2,4,2,11,7,2,526,239,76,80,87,99,79,100,100,31,42,39,50,47,53,-,-,90,89,91,-,-,42,86,2,2,2,-,-,95,94,95,-,-,6,3,1,1,13,12,16,12,100,100,93,95,54,63,97,97,100,100,100,100,-,-,-,-,-,29,6,99,100,100,100,43,0,-,-,-,-,-,-,27,1,-,8822,-,-,-,-,58,57,63,68,66,39,42,41,1,2,2,1,2,2,-,-,-,-,12,21
Cyprus,1244,236,67,1,1,13,1,69,77,81,44,23,21,67,1,1,,2,11,7,3,4,3,3,10,2,6,4,2,2,1,4,3,2,36,21,83,79,-,99,-,99,97,-,9,68,-,-,-,-,-,-,-,-,-,-,-,-,-,-,-,-,-,-,-,-,-,-,0,3,0,1,2,2,6,9,-,-,-,-,-,-,-,-,-,77,56,63,-,-,-,-,-,-,-,-,100,100,100,100,60,-,-,-,21,41,8,31,1,1,27858,Low,90,Yes,Yes,76,73,63,71,70,51,60,58,6,6,6,9,8,8,99,98,87,90,-,-
Czechia,10511,1983,551,0,0,104,2,69,75,78,57,25,32,74,0,0,,0,12,5,3,3,3,2,10,2,7,3,1,2,1,3,3,0,293,150,81,78,86,-,-,100,100,20,4,3,-,-,-,-,-,-,-,-,-,-,-,-,-,-,-,-,-,-,-,-,-,-,7,8,1,0,0,0,4,4,-,-,-,-,-,-,-,-,97,78,79,80,-,-,-,-,-,-,-,-,100,100,100,100,-,-,-,-,25,36,10,24,1,1,23490,Very low,90,Yes,Yes,94,87,68,69,69,51,54,53,2,2,2,2,2,2,97,97,84,79,-,-
Democratic People's Republic of Korea,25972,5940,1700,0,0,344,2,61,61,73,43,27,16,63,1,1,,0,43,60,15,7,17,14,33,10,22,27,8,8,3,15,8,3,5297,2835,76,68,90,100,94,100,92,13,370,107,73,73,73,-,-,95,94,95,-,-,50,59,16,17,16,-,-,88,86,89,-,-,-,-,-,-,-,-,-,-,100,100,100,100,100,100,94,83,-,-,-,-,-,-,4,5,4,0,0,100,100,100,100,-,-,-,-,-,-,-,-,-,-,-,-,-,-,-,-,-,-,94,75,88,78,63,74,1,7,3,1,5,2,-,-,-,-,-,-
Democratic Republic of the Congo,95894,50791,17698,3,3,4035,6,43,52,59,98,92,6,46,4,4,,-1,186,160,79,3,85,72,120,62,42,39,26,37,20,32,28,1,307593,106733,62,39,33,82,43,85,82,5,22000,547,5,6,5,1,20,44,44,44,39,58,1,39,47,47,46,53,29,57,56,57,44,72,-,-,-,-,-,-,-,-,67,66,58,52,36,27,42,77,9,3,-,-,-,-,15,13,17,29,6,38,40,40,40,-,1,8,64,3,16,48,6,42,2,1,581,Medium,-,-,-,39,17,72,59,66,73,46,61,2,10,5,1,8,3,-,-,-,-,-,-
Denmark,5854,1152,310,0,0,63,2,73,77,81,57,25,32,88,1,1,,4,9,6,4,2,4,3,7,3,4,3,2,2,1,3,2,2,222,156,83,85,-,-,-,95,-,21,3,5,-,-,-,-,-,-,-,-,-,-,-,-,-,-,-,-,-,-,-,-,-,-,4,3,1,0,0,1,10,9,-,-,-,-,-,-,97,75,-,-,84,85,-,-,-,-,-,1,-,-,100,100,100,100,100,-,-,-,23,38,9,28,1,1,60213,Very low,90,Yes,Yes,78,80,64,68,67,55,60,58,4,5,5,4,6,5,82,83,100,100,-,-
Djibouti,1106,409,116,2,1,25,3,48,57,62,54,48,7,78,2,1,,1,118,101,54,3,59,49,92,46,49,44,30,26,12,36,27,1,1316,725,65,48,-,88,23,87,87,11,56,234,14,12,16,-,-,37,38,35,-,-,15,24,8,8,8,-,-,-,-,-,-,-,84,87,31,36,40,39,52,53,-,-,-,-,-,-,-,-,-,-,-,-,-,-,-,-,-,5,-,91,92,93,91,5,4,74,9,54,16,48,5,42,2,1,3415,-,-,Yes,Yes,-,-,72,65,69,53,48,51,9,13,11,9,14,11,61,52,-,-,-,-
Dominica,72,18,5,0,0,1,2,65,73,73,41,28,13,71,1,1,,1,16,17,36,-4,39,33,13,32,10,13,28,4,3,11,15,-2,34,27,76,-,-,100,-,100,-,-,-,-,-,-,-,-,-,-,-,-,-,-,-,-,-,-,-,-,-,-,-,-,-,-,7,0,1,1,3,1,14,27,-,-,-,-,-,-,-,-,-,-,-,-,-,-,-,-,-,-,-,-,-,-,-,39,-,-,-,-,-,-,-,44,3,-,8111,-,-,No,No,11,10,-,-,-,-,-,-,-,-,-,-,-,-,-,-,-,-,-,-
Dominican Republic,11118,3626,1015,1,1,205,2,56,69,73,53,42,11,83,3,1,,-1,60,40,33,1,36,30,46,27,24,23,23,7,3,15,13,1,6799,4705,76,66,82,98,93,99,98,63,220,107,48,46,50,33,63,63,61,65,47,82,9,68,8,8,7,9,5,87,85,89,81,90,2,1,5,4,10,8,28,25,88,93,70,83,51,71,-,-,-,-,21,9,-,-,4,5,3,31,8,89,92,92,93,17,62,45,12,21,16,49,6,43,2,1,8282,Very low,90,Yes,Yes,46,51,82,79,80,46,56,54,3,5,4,10,10,10,71,70,58,54,4,17
Ecuador,17798,5584,1492,2,1,299,2,57,73,74,51,39,12,64,2,1,,2,54,30,12,4,14,11,42,11,22,14,7,7,2,16,9,3,3722,1989,78,80,79,84,58,97,93,46,200,66,-,-,-,-,-,78,76,81,-,-,28,48,5,5,5,-,-,-,-,-,-,-,18,15,-,-,5,2,22,20,98,98,89,92,78,79,-,-,-,-,49,29,98,99,-,-,-,22,-,-,87,-,-,7,9,60,6,32,14,51,5,46,3,1,6184,Low,80,No,Yes,43,44,87,78,81,64,52,55,1,4,3,2,6,5,65,61,60,43,-,-
Egypt,109262,41988,12368,2,1,2465,3,50,68,70,61,53,8,43,2,2,,0,86,47,19,4,20,18,63,16,33,22,10,11,4,17,9,3,46892,24704,73,70,80,90,83,92,87,52,420,17,47,48,47,34,50,-,-,-,-,-,-,-,4,4,4,7,2,-,-,-,-,-,63,63,-,-,3,2,23,24,91,92,79,81,43,41,-,-,-,27,-,21,-,-,5,6,4,17,0,98,99,100,99,100,-,-,-,-,22,41,9,32,1,1,3019,-,-,No,No,67,67,73,69,71,18,20,19,6,8,7,18,26,21,99,100,39,27,-,-
El Salvador,6314,1967,508,0,0,101,2,51,70,71,51,39,12,74,1,1,,-4,60,33,12,5,14,11,46,11,23,15,6,6,4,20,9,4,1268,618,75,76,80,96,90,100,98,32,44,43,25,24,26,19,44,59,57,62,45,78,18,62,4,4,3,4,4,81,79,83,79,86,15,12,7,7,-,-,42,41,84,89,73,74,34,36,-,-,-,-,-,-,98,99,7,6,7,26,-,-,91,91,91,11,9,57,10,28,17,46,6,41,2,1,4187,Low,90,Yes,Yes,37,31,79,74,76,35,51,45,3,5,4,4,4,4,81,78,38,24,7,20
Equatorial Guinea,1634,722,230,4,2,50,4,30,53,61,72,67,5,74,6,3,,4,179,156,77,3,83,70,121,57,50,46,28,35,15,19,15,1,3768,1416,63,43,21,91,67,68,67,7,110,212,-,-,-,-,-,-,-,-,-,-,-,-,-,-,-,-,-,-,-,-,-,-,57,55,56,55,-,-,-,-,-,-,-,-,-,-,-,-,-,-,-,-,-,-,-,-,-,30,4,-,54,53,54,-,-,-,-,-,-,-,-,50,-,-,8132,-,-,No,Yes,-,-,64,69,67,52,56,55,6,9,8,6,9,8,-,-,-,-,-,-
Eritrea,3620,1712,486,2,2,104,4,41,56,67,78,71,7,42,4,3,,-4,153,85,38,4,43,33,94,29,35,27,17,41,7,21,16,1,3892,1799,69,50,21,89,57,34,34,3,330,322,-,-,-,-,-,-,-,-,-,-,-,-,-,-,-,-,-,-,-,-,-,-,73,73,45,50,32,40,45,53,-,-,-,-,-,-,-,-,-,-,-,-,94,93,-,-,-,41,2,-,-,-,-,-,0,-,-,-,-,-,-,-,-,-,643,-,-,No,No,-,-,92,74,86,76,62,72,4,13,6,4,13,7,-,-,-,-,-,-
Estonia,1329,260,71,0,0,14,2,70,71,77,58,26,32,69,0,0,,2,18,11,2,8,2,2,14,2,10,5,1,5,1,5,2,4,28,12,81,78,-,-,97,100,99,-,1,5,-,-,-,-,-,-,-,-,-,-,-,-,-,-,-,-,-,-,-,-,-,-,7,7,3,2,2,1,2,2,-,-,-,-,-,-,-,-,-,-,89,90,-,-,-,-,-,-,-,-,100,100,100,100,100,-,-,-,21,38,8,31,1,1,23718,Very low,-,Yes,Yes,85,86,65,74,71,52,60,58,5,4,4,5,5,5,-,-,-,-,-,-
Eswatini,1192,493,140,1,1,29,3,51,47,57,64,57,7,24,1,2,,-4,68,112,53,4,57,48,52,41,23,29,23,11,11,16,14,1,1526,670,61,58,83,99,76,88,88,12,69,240,30,26,33,28,48,39,33,44,25,59,6,67,17,16,17,18,15,65,64,66,61,77,-,-,15,16,3,3,14,18,64,77,47,54,31,33,-,-,-,-,-,-,94,97,8,8,7,5,1,38,54,51,50,14,-,47,13,23,11,60,4,55,4,1,3895,-,-,No,No,7,13,52,71,57,43,64,49,23,15,21,25,22,24,-,-,-,-,-,-
Ethiopia,120283,56315,17798,3,2,3896,4,43,51,65,76,70,6,22,5,4,,0,201,140,47,5,52,41,120,34,59,48,26,74,7,33,21,2,177737,101951,68,38,64,74,43,50,48,2,10000,267,-,-,-,-,-,-,-,-,-,-,-,-,-,-,-,-,-,-,-,-,-,-,55,59,9,17,45,49,73,75,47,48,19,22,11,14,-,-,55,73,29,18,-,-,45,51,39,40,5,2,3,3,3,-,5,39,27,17,19,43,7,33,1,1,856,Low,30,Yes,Yes,13,6,89,73,85,77,63,73,1,4,2,2,6,3,-,-,41,29,-,-
Fiji,925,316,90,0,1,18,2,62,66,67,53,44,9,58,1,1,,-6,29,23,28,-1,30,25,24,23,13,10,14,12,5,10,9,1,501,247,69,61,-,98,89,100,100,20,7,38,22,23,20,23,25,97,97,97,95,99,24,75,13,15,12,14,9,-,-,-,-,-,11,15,1,1,-,-,24,9,-,-,-,-,-,-,-,-,-,-,-,-,-,-,17,20,13,4,2,71,87,87,86,25,3,35,24,17,19,45,8,37,2,1,6176,-,-,Yes,Yes,42,47,81,72,77,37,39,38,2,5,4,4,6,5,-,-,-,-,-,-
Finland,5536,1036,244,0,0,47,1,70,78,82,62,25,37,86,1,0,,3,7,4,2,3,2,2,6,2,4,2,1,2,1,3,2,2,102,60,85,83,-,100,-,100,100,16,4,8,-,-,-,-,-,-,-,-,-,-,-,-,-,-,-,-,-,-,-,-,-,-,0,2,2,2,1,0,3,5,-,-,-,-,-,-,-,-,98,78,86,85,-,-,-,-,-,0,-,-,100,100,100,100,100,-,-,-,23,37,9,26,1,1,48771,Very low,100,Yes,Yes,76,78,59,65,63,52,57,56,6,8,7,5,7,6,99,98,100,100,-,-
France,64531,13568,3408,0,0,677,2,72,79,82,63,28,35,81,1,0,,0,9,5,4,1,5,4,7,3,4,3,3,2,1,5,3,2,2985,1713,86,84,96,100,99,98,98,21,54,8,-,-,-,-,-,-,-,-,-,-,-,-,-,-,-,-,-,-,-,-,-,-,0,0,0,0,0,1,5,4,-,-,-,-,-,-,-,-,94,57,79,79,-,-,-,-,-,-,-,-,100,100,100,100,100,-,-,-,21,41,8,29,1,1,40496,Very low,90,Yes,Yes,75,70,59,60,60,51,51,51,6,10,9,7,9,8,80,78,97,91,-,-
Gabon,2341,985,307,3,2,64,3,53,61,66,68,61,7,90,3,2,,1,92,84,40,4,44,36,60,29,31,28,19,18,12,18,14,1,2512,1203,69,49,44,95,78,89,90,10,140,227,-,-,-,-,-,-,-,-,-,-,-,-,-,-,-,-,-,-,-,-,-,-,-,-,24,23,32,29,44,40,66,75,32,33,14,14,66,89,76,23,-,-,88,91,20,19,17,22,5,88,90,91,88,-,-,-,-,-,17,44,6,38,2,1,7767,High,-,Yes,Yes,-,-,59,64,62,41,45,43,12,15,14,27,28,28,-,-,-,-,-,-
Gambia,2640,1331,412,3,2,88,5,40,57,62,85,80,5,63,4,3,,-1,167,114,48,4,53,43,81,34,50,40,25,33,10,27,21,1,4138,2221,64,48,40,98,79,84,84,4,400,458,24,23,25,19,40,16,15,18,11,31,1,49,16,17,16,18,16,67,65,69,63,78,42,37,19,8,22,7,48,37,64,60,50,48,33,28,5,4,-,-,-,-,-,-,17,17,17,23,0,41,59,60,58,-,-,87,8,4,19,44,7,36,2,1,778,-,-,Yes,Yes,2,1,66,69,68,53,50,51,4,9,7,10,14,12,-,-,-,-,-,-
Georgia,3758,920,261,-1,0,50,2,64,70,72,55,33,23,60,0,0,,-1,48,37,9,7,11,8,41,8,25,23,5,4,2,16,6,5,474,272,77,65,51,98,85,100,99,41,14,28,78,77,79,61,87,78,78,77,68,85,57,66,4,3,5,4,3,90,91,89,88,92,-,-,1,0,2,1,6,4,100,100,98,98,79,83,-,-,86,56,36,39,100,100,2,2,1,14,1,98,99,99,99,26,48,66,8,44,19,43,7,36,2,1,4698,Low,-,Yes,No,93,92,80,67,73,66,48,55,6,19,13,5,16,10,93,90,58,64,-,-
Germany,83409,13836,3971,0,0,763,2,71,78,81,56,22,35,78,0,0,,4,9,5,4,2,4,3,7,3,3,3,2,2,1,3,3,0,2723,1673,83,86,-,100,99,96,99,29,34,4,-,-,-,-,-,-,-,-,-,-,-,-,-,-,-,-,-,-,-,-,-,-,3,3,2,0,5,3,14,15,-,-,-,-,-,-,-,-,95,75,79,79,-,-,-,-,-,-,-,-,100,100,100,100,100,-,-,-,20,40,8,30,1,1,46468,Very low,-,Yes,Yes,87,80,68,67,67,57,55,56,2,4,4,2,3,3,-,-,-,-,-,-
Ghana,32833,14291,4306,2,2,905,4,48,58,64,69,63,6,58,4,3,,0,128,100,44,4,48,39,80,33,42,36,23,25,10,28,21,1,39423,20641,66,45,40,97,85,79,78,13,2400,263,71,71,70,46,94,34,35,33,20,60,7,50,30,30,30,39,21,68,65,72,54,87,8,6,7,5,9,6,25,25,69,73,45,50,12,9,6,8,-,-,-,-,93,92,20,19,22,19,4,57,71,72,69,42,26,82,4,58,14,49,5,44,2,1,2202,Medium,-,No,No,27,15,72,71,72,65,63,64,2,6,4,3,6,4,-,-,-,-,-,-
Greece,10445,1794,433,0,0,79,1,73,78,80,58,22,35,80,0,0,,-1,10,6,4,3,4,3,9,3,6,4,2,2,1,5,3,2,299,178,83,78,-,-,-,100,-,-,6,8,-,-,-,-,-,-,-,-,-,-,-,-,-,-,-,-,-,-,-,-,-,-,4,3,1,1,3,4,4,6,-,-,-,-,-,-,-,-,-,-,69,64,99,99,-,-,-,-,-,-,100,100,100,100,-,-,-,-,20,40,7,31,1,1,19581,Low,-,Yes,Yes,68,62,58,61,60,41,46,45,12,15,14,19,22,22,-,-,-,-,-,-
Grenada,125,35,10,1,0,2,2,66,73,75,51,36,15,37,1,1,,-1,22,15,16,0,17,15,18,14,12,8,10,5,4,9,9,0,32,20,78,70,-,100,-,100,-,-,0,21,-,-,-,-,-,-,-,-,-,-,-,-,-,-,-,-,-,-,-,-,-,-,15,16,4,3,-,-,12,11,-,-,-,-,-,-,-,-,-,-,-,-,-,-,-,-,-,-,-,-,-,-,-,85,-,-,-,-,-,-,-,37,2,-,10809,-,-,No,No,-,-,-,-,-,-,-,-,-,-,-,-,-,-,90,95,-,-,-,-
Guatemala,17608,6930,1927,2,1,372,2,49,67,69,61,53,8,52,3,2,,-2,80,52,23,4,25,21,60,20,28,21,11,13,3,20,13,2,8704,4021,73,57,66,91,86,70,65,26,360,96,-,-,-,-,-,-,-,-,-,-,-,-,-,-,-,-,-,-,-,-,-,-,18,17,11,10,33,37,62,64,80,76,52,45,27,25,-,-,-,-,30,11,95,94,-,-,-,29,10,89,96,-,-,18,3,56,10,30,13,54,5,45,2,1,4620,Low,60,No,Yes,26,22,90,83,86,32,48,41,1,3,2,3,4,3,64,57,46,42,3,19
Guinea,13532,6562,2097,2,2,466,4,39,52,59,82,76,6,37,3,3,,0,233,166,99,3,106,91,138,64,62,46,31,43,18,30,23,1,44995,14486,60,37,38,81,35,55,53,3,2600,553,9,9,9,3,32,31,33,30,22,51,0,32,34,36,33,38,36,49,48,50,45,51,51,55,8,21,46,62,63,78,52,39,33,20,22,13,23,60,22,7,-,-,70,43,24,24,25,47,2,57,62,62,62,-,-,-,-,-,20,42,8,34,1,1,963,Very high,50,Yes,No,12,3,64,51,60,67,54,63,3,11,5,2,7,3,86,69,27,20,-,-
Guinea-Bissau,2061,975,295,2,2,64,4,38,50,60,77,72,5,45,3,3,,-1,223,174,74,4,80,68,132,50,64,55,34,45,13,46,31,2,4693,2197,62,37,60,97,81,54,50,3,460,725,14,12,17,5,54,43,42,44,31,72,1,44,70,71,70,68,73,73,72,75,70,75,-,-,-,-,-,-,-,-,29,25,18,16,14,8,-,-,-,-,-,-,-,-,17,18,16,26,2,36,46,47,45,-,-,-,-,-,-,-,-,51,3,1,697,-,-,No,No,-,-,84,67,79,70,57,66,2,6,3,2,6,3,-,-,-,-,-,-
Guyana,805,275,79,0,1,16,2,60,64,66,54,44,9,27,0,1,,-5,61,47,28,3,31,24,47,23,31,27,17,5,5,19,13,2,450,276,69,74,52,91,87,95,93,17,18,112,61,63,59,45,76,87,85,90,82,94,47,69,5,5,5,10,1,86,85,87,78,90,-,-,-,-,-,-,-,-,-,-,-,-,-,-,-,-,-,-,-,-,-,-,11,10,12,30,9,68,89,88,89,30,-,-,-,-,-,-,-,35,2,1,6610,-,-,No,No,-,-,69,62,67,40,50,43,12,12,12,17,16,17,-,-,-,-,-,-
Haiti,11448,4397,1277,1,1,269,3,47,58,63,58,51,7,58,4,2,,-3,145,104,59,3,64,53,100,45,39,30,24,28,12,21,18,1,15748,6540,66,47,45,91,67,42,39,5,950,350,63,63,63,31,84,54,52,57,34,79,8,48,22,23,22,28,15,65,62,69,61,77,-,-,-,-,-,-,-,-,49,58,32,38,17,16,-,-,-,-,-,-,-,-,36,44,26,15,2,57,85,84,85,-,4,-,-,-,16,47,6,61,6,0,1272,Medium,-,No,No,1,0,78,67,73,70,58,64,6,17,11,10,23,16,-,-,35,30,-,-
Holy See,1,-,-,-1,1,0,1,71,79,82,-,-,-,-,-,-,,0,-,-,-,-,-,-,-,-,-,-,-,-,-,-,-,-,-,-,-,-,-,-,-,-,-,-,-,-,-,-,-,-,-,-,-,-,-,-,-,-,-,-,-,-,-,-,-,-,-,-,0,0,0,0,0,0,0,0,-,-,-,-,-,-,-,-,-,-,-,-,-,-,-,-,-,-,-,-,-,-,-,-,-,-,-,-,-,-,-,-,-,-,-,-,-,-,-,-,-,-,-,-,-,-,-,-,-,-,-,-,-,-,-,-,-,-,-
Honduras,10278,3784,1056,2,1,217,2,54,69,70,53,47,6,59,3,2,,-1,58,37,17,4,18,15,45,14,22,18,10,9,5,14,8,3,3570,2059,73,63,76,96,88,94,92,25,160,72,14,14,13,15,18,36,35,37,21,60,7,70,6,6,6,8,4,75,75,74,70,81,25,23,16,15,41,38,60,55,85,89,50,58,29,37,-,-,-,-,30,15,95,97,15,18,13,34,10,87,97,97,97,-,19,55,16,28,12,52,4,49,3,1,2575,Low,-,No,No,32,28,92,81,86,43,58,52,2,8,5,5,8,7,-,-,-,-,-,-
Hungary,9710,1707,468,0,0,92,2,69,72,75,54,22,31,72,0,0,,2,17,10,4,4,4,4,15,3,11,6,2,3,1,4,4,1,369,191,78,73,-,-,-,100,-,31,14,15,-,-,-,-,-,-,-,-,-,-,-,-,-,-,-,-,-,-,-,-,-,-,6,8,5,6,3,3,13,11,-,-,-,-,-,-,-,-,97,74,75,68,-,-,-,-,-,-,-,-,100,100,100,100,100,-,-,-,22,38,8,28,1,1,16730,Low,-,Yes,Yes,84,76,67,66,66,48,49,48,5,3,3,4,3,4,-,-,-,-,-,-
Iceland,370,83,22,1,1,5,2,74,80,83,50,28,22,94,1,1,,2,6,4,3,2,3,2,5,2,3,2,1,2,1,3,2,2,12,6,84,87,-,-,-,97,-,17,0,3,-,-,-,-,-,-,-,-,-,-,-,-,-,-,-,-,-,-,-,-,-,-,8,2,0,1,1,0,17,14,-,-,-,-,-,-,-,-,-,-,74,79,-,-,-,-,-,-,-,-,100,100,100,100,-,-,-,-,24,36,10,23,1,1,67084,-,-,Yes,Yes,74,74,79,79,79,68,71,70,4,4,4,3,3,3,-,-,-,-,-,-
India,1407564,438164,115307,1,1,23114,2,48,63,67,48,38,10,35,2,2,,0,127,92,31,5,30,31,89,25,57,45,19,21,4,30,12,4,709366,441801,69,61,73,85,59,89,89,22,24000,103,14,-,-,-,-,-,-,-,-,-,-,-,-,-,-,-,-,-,-,-,-,-,15,14,6,4,17,13,43,41,92,91,82,79,46,40,47,53,46,44,38,40,93,90,-,-,-,27,4,79,80,79,80,42,24,43,17,23,20,44,8,52,4,1,2100,Medium,-,Yes,No,34,19,77,75,76,22,19,21,5,6,5,3,10,5,-,-,-,-,-,-
Indonesia,273753,83188,22414,1,1,4496,2,53,66,68,48,38,10,57,3,2,,0,84,52,22,4,24,20,62,19,31,23,11,13,5,15,9,2,100012,50931,70,59,77,98,77,95,79,17,7800,173,18,17,18,-,-,-,-,-,-,-,-,-,-,-,-,-,-,88,-,-,-,-,8,0,3,8,19,14,23,22,96,98,86,90,64,63,-,-,-,18,30,28,100,100,-,-,-,16,5,-,77,-,-,28,26,58,6,31,18,46,7,38,2,1,4136,High,-,No,Yes,42,35,85,80,82,56,52,54,3,5,4,3,4,3,68,58,46,51,-,-
Iran (Islamic Republic of),87923,24425,6896,1,1,1204,2,50,70,74,45,35,11,76,2,1,,0,57,36,13,5,13,12,45,11,25,19,8,14,3,12,7,3,15806,9719,77,77,69,97,94,99,95,55,270,22,18,-,-,-,-,70,69,70,-,-,36,83,13,-,-,-,-,-,-,-,-,-,37,35,-,-,1,3,17,18,-,-,-,-,-,-,-,-,-,-,-,-,-,-,-,-,-,17,-,-,99,99,99,13,16,-,-,-,16,49,6,41,2,1,5550,Very high,-,Yes,Yes,48,49,77,71,72,19,17,18,6,11,10,14,20,18,84,59,96,92,-,-
Iraq,43534,19352,5691,3,2,1192,3,60,67,70,71,65,6,71,3,2,,-1,54,44,25,3,27,22,42,21,26,24,14,11,5,17,12,2,28890,16772,72,55,54,88,68,96,87,33,900,76,2,2,3,1,5,44,44,45,31,53,3,47,10,10,10,12,12,79,78,80,71,89,-,-,-,-,-,-,-,-,78,73,46,47,45,43,-,-,-,-,-,-,-,-,5,5,4,28,-,98,99,99,99,-,-,27,35,12,22,39,9,41,2,1,5955,Very high,70,Yes,No,34,24,76,74,74,7,13,12,10,10,10,13,34,31,63,43,26,20,-,-
Ireland,4987,1189,305,1,1,59,2,71,77,82,53,31,23,64,2,1,,3,9,7,3,4,3,3,8,3,5,4,2,2,1,5,3,3,187,121,84,83,-,100,-,100,100,25,3,5,-,-,-,-,-,-,-,-,-,-,-,-,-,-,-,-,-,-,-,-,-,-,0,0,-,-,-,-,2,1,-,-,-,-,-,-,98,84,-,-,88,84,-,-,-,-,-,-,-,-,100,100,100,100,100,-,-,-,21,40,8,28,1,1,78779,Very low,90,Yes,Yes,68,73,67,70,69,54,58,56,5,6,5,5,5,5,87,88,95,95,-,-
Israel,8900,2930,890,2,1,174,3,71,79,82,67,47,20,93,2,1,,2,12,7,3,3,4,3,10,3,6,4,2,2,1,4,3,2,589,302,84,84,-,-,-,-,-,-,5,3,-,-,-,-,-,-,-,-,-,-,-,-,-,-,-,-,-,-,-,-,-,-,0,0,-,-,-,-,-,-,-,-,-,-,-,-,-,-,91,-,69,66,-,-,-,-,-,-,-,-,100,100,100,100,-,-,-,-,16,44,5,35,1,1,43589,-,70,Yes,No,82,81,70,68,68,64,59,60,3,4,4,3,4,4,95,94,92,94,-,-
Italy,59240,9203,2161,0,0,410,1,72,80,83,57,20,37,71,0,0,,0,10,6,3,4,3,2,8,2,6,3,1,2,1,3,2,1,1081,604,85,83,-,99,68,100,100,40,19,5,-,-,-,-,-,-,-,-,-,-,-,-,-,-,-,-,-,-,-,-,-,-,8,9,3,4,2,3,6,5,-,-,-,-,-,-,-,-,98,73,77,62,100,100,-,-,-,-,-,-,100,100,100,100,-,-,-,-,18,42,6,33,1,1,33226,Very low,-,Yes,Yes,53,52,58,59,59,39,42,41,9,9,9,11,11,11,93,90,96,92,8,20
Jamaica,2828,712,169,0,0,33,1,67,71,71,38,28,10,57,1,1,,-2,28,21,12,3,14,11,23,11,18,17,10,4,3,18,14,1,414,342,73,70,83,98,86,100,99,21,33,99,92,92,91,88,100,88,86,90,76,86,55,61,2,2,2,2,1,89,86,93,79,97,-,-,37,29,-,-,57,33,99,100,97,97,80,83,85,67,-,-,-,-,-,-,3,3,2,8,-,97,98,-,-,7,27,52,2,32,16,48,6,37,2,1,5582,Low,50,No,No,-,-,76,71,73,59,61,60,5,7,6,8,11,10,96,97,79,78,-,-
Japan,124613,17962,4286,0,-1,819,1,72,81,85,71,20,51,92,1,0,,1,6,5,2,3,2,2,5,2,3,2,1,2,1,3,2,2,1930,667,88,85,-,-,-,100,100,-,36,4,-,-,-,-,-,-,-,-,-,-,-,-,-,-,-,-,-,-,-,-,-,-,-,-,-,-,-,-,-,-,-,-,-,-,-,-,-,-,-,-,-,-,-,-,-,-,-,-,-,-,100,100,100,-,85,-,-,-,21,41,8,34,1,1,40247,Low,70,Yes,Yes,82,79,69,73,72,52,54,54,2,3,3,2,3,2,94,92,98,98,3,15
Jordan,11148,4289,1195,4,1,245,3,60,72,74,57,51,6,92,4,1,,1,36,27,15,3,16,13,30,13,20,16,9,5,2,12,9,1,3545,2087,77,60,57,98,92,100,98,26,100,41,13,12,14,5,35,92,92,91,85,99,16,71,16,17,16,16,21,71,66,76,66,76,51,50,20,21,28,28,46,41,96,97,86,88,49,63,-,-,-,-,59,41,99,99,2,2,1,10,0,97,98,98,98,5,9,-,-,-,-,-,-,40,2,1,4405,Very high,-,No,Yes,51,50,67,61,64,15,14,15,13,18,15,21,27,24,-,-,-,-,-,-
Kazakhstan,19196,6498,2009,1,1,413,3,61,64,69,60,47,13,58,1,1,,-1,52,43,10,7,12,9,44,9,23,24,5,6,3,11,8,1,4295,2081,73,76,73,99,95,100,99,15,57,13,55,53,58,45,70,86,84,87,83,95,51,60,5,4,6,8,3,86,85,86,87,88,22,23,10,9,-,-,-,-,100,100,100,100,95,96,-,-,98,71,36,51,100,100,-,-,-,7,0,99,100,100,100,44,57,39,20,19,23,38,10,27,1,1,9813,Low,70,Yes,No,98,97,72,78,76,59,65,63,3,5,4,4,6,5,91,90,57,60,6,19
Kenya,53006,24050,6913,2,2,1468,3,54,54,61,70,65,5,28,4,3,,-1,102,99,37,5,40,34,65,28,27,27,18,16,9,20,19,0,54038,27040,64,56,74,93,59,70,61,9,7700,530,16,14,17,-,-,-,-,-,-,-,-,-,-,-,-,-,-,-,-,-,-,-,-,-,-,-,-,-,-,-,77,82,61,69,44,38,53,42,44,29,-,-,88,88,-,-,-,23,3,68,67,67,66,30,4,38,24,20,17,48,6,41,2,1,1817,Medium,90,No,Yes,26,18,75,79,77,74,68,72,1,4,2,1,6,3,48,47,86,78,-,-
Kiribati,129,53,17,2,1,4,3,55,64,67,66,60,6,56,3,2,,-2,92,68,48,2,52,44,67,38,35,28,21,15,9,18,14,1,168,73,69,51,53,89,67,92,86,9,3,76,72,69,75,76,76,77,76,79,71,84,4,60,31,31,30,35,31,80,78,82,70,89,4,0,-,-,-,-,-,-,92,96,69,88,13,20,-,-,-,-,-,-,-,-,17,19,15,18,9,85,92,93,90,-,1,-,-,-,-,-,-,37,2,1,1655,-,-,No,No,-,-,-,-,-,-,-,-,-,-,-,-,-,-,-,-,-,-,-,-
Kuwait,4250,1043,259,4,0,44,2,67,77,79,34,28,6,100,4,0,,-9,18,13,9,2,10,8,15,7,10,7,5,5,2,7,5,1,434,217,82,70,-,100,-,100,99,-,4,7,-,-,-,-,-,-,-,-,-,-,-,-,-,-,-,-,-,-,-,-,-,-,33,28,4,1,9,4,20,17,-,-,-,-,-,-,-,-,-,21,-,21,99,100,-,-,-,-,-,-,-,-,-,-,-,-,-,-,-,-,-,36,2,-,32000,-,-,No,No,27,39,85,89,88,48,50,50,1,1,1,5,7,6,99,100,83,73,-,-
Kyrgyzstan,6528,2574,805,1,1,158,3,58,65,70,64,56,7,37,1,2,,-3,65,50,17,5,19,15,54,16,24,20,12,6,3,11,6,3,2774,1881,74,70,65,100,94,100,100,8,81,50,39,40,38,25,57,87,88,86,88,88,21,72,8,7,8,11,5,72,68,75,73,78,14,12,-,-,0,1,30,25,99,100,99,99,89,85,39,30,40,40,49,35,100,100,22,25,19,13,0,97,99,100,98,24,17,62,7,35,23,40,10,28,1,1,1310,Low,-,Yes,No,90,87,75,74,75,49,41,44,4,6,6,7,10,9,-,-,-,-,-,-
Lao People's Democratic Republic,7425,2739,790,1,1,163,2,44,58,68,55,48,7,37,4,3,,-1,154,107,43,4,47,38,106,34,47,38,21,42,7,23,16,2,6939,3434,70,50,72,78,62,64,65,6,220,132,32,30,34,13,69,30,29,30,21,49,4,61,12,13,12,17,6,89,88,91,85,94,30,29,8,9,30,31,45,49,84,83,54,53,32,31,-,-,2,8,-,-,-,-,28,27,29,33,11,60,73,73,73,13,-,-,-,-,18,46,7,36,2,1,2535,Low,-,Yes,Yes,-,-,83,75,80,80,70,77,0,1,1,0,1,1,-,-,-,-,-,-
Latvia,1874,348,93,-1,-1,17,2,70,70,74,59,25,34,68,-1,-1,,-4,17,14,4,6,4,3,13,3,8,7,2,5,1,6,3,3,65,35,78,72,-,92,-,100,98,-,3,18,-,-,-,-,-,-,-,-,-,-,-,-,-,-,-,-,-,-,-,-,-,-,3,1,2,1,2,1,6,4,-,-,-,-,-,-,-,-,99,85,78,83,100,100,-,-,-,-,-,-,100,100,100,100,100,-,-,-,19,42,7,35,1,1,17819,Very low,-,Yes,Yes,89,93,65,70,68,52,58,56,9,6,7,7,5,5,-,-,-,-,-,-
Lebanon,5593,1847,445,1,-2,84,2,67,74,75,59,44,15,89,1,-1,,-20,32,20,8,4,9,8,27,7,20,12,5,6,2,11,6,3,724,404,77,72,-,96,-,98,100,-,18,21,62,63,60,-,-,56,58,54,-,-,29,16,9,8,10,-,-,-,-,-,-,-,-,-,-,-,-,-,-,-,-,-,-,-,-,-,-,-,-,27,32,35,100,100,-,-,-,6,-,98,99,100,98,-,-,-,-,-,21,40,8,32,1,1,7584,Very high,-,No,No,33,33,68,75,72,22,24,23,3,6,5,7,11,10,-,-,-,-,-,-
Lesotho,2281,916,275,1,1,60,3,51,48,53,62,55,7,29,2,2,,-1,84,107,73,2,79,66,68,57,39,36,35,16,8,37,27,2,4312,2100,56,48,83,91,77,87,89,10,330,566,46,45,46,20,83,28,27,29,16,45,3,57,17,17,17,27,9,73,68,78,66,77,58,57,8,6,18,11,38,29,69,92,33,55,27,37,13,1,-,-,-,-,-,-,14,15,13,16,2,28,45,46,44,-,10,48,10,23,14,50,5,45,2,1,1118,Medium,-,No,No,13,14,79,72,76,63,58,60,18,23,20,26,30,28,80,83,45,46,-,-
Liberia,5193,2492,745,3,2,163,4,41,51,61,80,74,6,53,3,3,,-2,264,189,76,4,82,70,176,57,60,48,30,32,17,30,23,1,12187,4866,62,42,41,98,87,84,80,5,1100,652,-,-,-,-,-,-,-,-,-,-,-,-,-,-,-,-,-,-,-,-,-,-,21,21,22,21,17,26,20,31,36,33,29,23,18,9,-,-,-,-,-,-,-,-,32,29,34,25,8,64,66,67,65,-,6,40,16,23,19,43,7,35,1,1,622,High,-,Yes,No,8,3,89,73,80,83,63,72,1,6,4,1,4,2,-,-,-,-,-,-
Libya,6735,2332,614,1,1,120,2,55,71,72,51,44,7,81,1,1,,0,42,28,11,5,12,10,36,9,21,15,6,8,3,12,7,2,1306,692,74,60,24,93,-,100,100,-,88,72,6,-,-,-,-,-,-,-,-,-,-,-,-,-,-,-,-,-,-,-,-,-,-,-,-,-,-,-,-,-,-,-,-,-,-,-,-,-,-,-,-,-,-,-,-,-,-,-,-,-,-,-,-,-,-,-,-,-,-,-,-,30,-,-,7686,-,-,Yes,No,13,10,62,67,65,32,35,34,13,16,15,23,25,24,-,-,-,-,-,-
Liechtenstein,39,7,2,1,1,0,1,65,77,83,50,22,28,14,1,1,,6,-,-,-,-,-,-,-,-,-,-,-,-,-,-,-,-,-,-,85,-,-,-,-,-,-,-,-,-,-,-,-,-,-,-,-,-,-,-,-,-,-,-,-,-,-,-,-,-,-,-,0,6,3,2,1,7,2,16,-,-,-,-,-,-,-,-,-,-,-,-,-,-,-,-,-,-,-,-,100,100,100,100,100,-,-,-,-,-,-,-,-,-,181403,-,-,-,-,81,63,-,-,-,-,-,-,-,-,-,-,-,-,-,-,-,-,-,-
Lithuania,2787,499,140,-1,-1,27,2,71,72,74,56,24,32,68,-1,-1,,-4,15,11,3,6,4,3,12,3,8,5,2,4,1,5,3,3,91,51,79,70,-,100,-,100,-,-,2,9,-,-,-,-,-,-,-,-,-,-,-,-,-,-,-,-,-,-,-,-,-,-,4,4,-,-,-,-,4,2,-,-,-,-,-,-,-,-,97,81,76,74,-,-,-,-,-,0,-,-,100,100,100,100,-,-,-,-,19,43,7,35,1,1,19551,Very low,100,Yes,Yes,91,89,63,71,68,53,60,57,10,5,7,7,5,6,96,96,85,81,-,-
Luxembourg,639,122,33,2,1,7,1,70,78,83,44,23,21,92,2,1,,11,9,5,3,2,3,2,7,2,4,2,2,2,0,4,4,0,18,11,85,86,-,-,97,100,100,29,0,6,-,-,-,-,-,-,-,-,-,-,-,-,-,-,-,-,-,-,-,-,-,-,0,0,1,1,1,4,21,17,-,-,-,-,-,-,-,-,-,-,71,73,-,-,-,-,-,-,-,-,100,100,100,100,100,-,-,-,19,42,7,32,1,1,114685,-,-,Yes,Yes,70,68,63,67,65,52,57,55,4,7,6,4,6,6,-,-,-,-,-,-
Madagascar,28916,13292,4151,3,2,895,4,48,58,64,75,69,6,39,4,4,,0,156,105,66,2,71,61,95,45,39,31,24,36,21,20,18,1,57839,21571,67,35,66,85,51,46,39,2,3500,392,15,15,15,7,42,25,25,26,17,44,1,52,34,33,34,36,25,67,65,68,64,81,43,38,-,-,31,29,63,64,52,60,26,27,16,15,13,4,6,6,-,-,81,79,37,38,35,40,12,74,79,79,78,-,-,-,-,-,16,49,6,43,2,1,523,High,-,Yes,No,11,9,91,80,89,87,73,83,1,5,2,1,6,2,-,-,-,-,-,-
Malawi,19890,10052,3034,3,2,654,4,37,45,63,85,80,5,18,3,4,,0,245,174,42,7,46,37,142,31,51,39,19,38,12,22,16,1,26800,12608,67,48,74,97,51,96,97,8,2500,381,34,31,36,21,55,35,34,37,27,48,1,37,44,45,43,47,33,60,56,64,52,70,-,-,-,-,19,18,62,76,43,52,23,21,15,13,-,-,-,-,-,-,-,-,14,14,14,42,7,7,6,6,5,-,10,37,17,18,16,52,6,45,2,1,412,High,-,No,No,8,2,81,76,80,74,62,73,4,7,5,5,14,7,-,-,-,-,-,-
Malaysia,33574,9311,2572,2,1,511,2,63,73,75,43,33,10,78,3,1,,1,17,10,8,1,8,7,14,6,8,5,4,5,2,5,5,0,3866,2153,77,76,-,97,97,100,99,21,110,21,53,52,55,-,-,25,25,24,-,-,56,62,3,3,3,-,-,-,-,-,-,-,10,9,2,1,13,10,42,37,-,-,-,-,-,-,-,-,58,64,54,59,97,97,-,-,-,-,-,-,-,-,-,47,3,48,12,25,16,47,6,41,2,1,11414,-,30,No,No,62,63,77,80,77,53,45,51,2,5,3,3,6,4,98,95,88,82,-,-
Maldives,521,132,38,3,0,7,2,45,71,80,36,29,6,41,5,1,,2,86,39,6,9,6,5,63,5,39,22,4,9,1,15,5,5,44,30,81,69,29,99,82,100,95,40,4,57,78,78,79,69,82,96,96,97,97,-,59,48,12,10,14,11,22,93,91,95,92,-,8,5,3,1,3,15,55,44,-,-,-,-,-,-,-,-,-,-,-,-,-,-,-,-,-,2,2,96,99,99,99,26,8,35,23,15,21,40,8,31,1,1,10627,-,-,No,Yes,6,4,83,86,85,41,42,42,5,8,6,4,7,5,-,-,-,-,-,-
Mali,21905,11904,4004,3,3,913,6,33,51,59,99,94,5,45,5,4,,-1,231,188,97,3,102,92,120,62,67,51,33,40,21,32,23,2,85222,30484,60,42,41,80,43,67,67,3,3900,440,5,6,5,1,21,55,55,55,53,65,0,52,32,32,32,31,27,62,60,63,54,67,53,57,38,44,49,56,71,79,50,41,36,25,23,12,-,-,-,-,-,-,55,38,13,15,12,54,2,87,87,88,86,-,5,-,-,-,-,-,-,33,1,1,879,High,-,Yes,Yes,8,3,83,76,81,62,48,58,7,6,7,7,13,8,-,-,-,-,-,-
Malta,527,82,24,1,0,5,1,69,78,84,47,19,28,95,1,1,,20,11,8,6,1,6,5,10,5,8,5,4,1,1,4,3,1,27,18,86,81,-,100,-,100,100,31,0,3,-,-,-,-,-,-,-,-,-,-,-,-,-,-,-,-,-,-,-,-,-,-,0,5,-,-,2,1,10,7,-,-,-,-,-,-,-,-,73,69,64,62,99,100,-,-,-,-,-,-,100,100,100,100,-,-,-,-,22,38,9,28,1,1,29737,Low,-,Yes,Yes,49,47,73,67,67,52,48,48,2,3,3,3,4,4,-,-,-,-,-,-
Marshall Islands,42,16,4,-1,0,1,3,59,63,65,60,53,7,78,0,1,,-44,47,42,30,2,33,26,38,25,18,19,14,9,6,14,11,1,26,11,67,-,81,81,77,92,85,9,-,-,5,5,5,4,11,72,72,73,71,83,19,71,9,9,10,10,9,79,80,78,84,82,38,41,29,30,30,26,46,41,-,-,-,-,-,-,-,-,-,-,-,-,-,-,-,-,-,26,12,80,84,85,82,-,-,-,-,-,-,-,-,-,-,-,3788,-,-,No,No,72,68,-,-,-,-,-,-,-,-,-,-,-,-,-,-,-,-,-,-
Mauritania,4615,2252,695,2,2,153,4,51,61,64,83,77,6,56,4,3,,0,117,99,40,4,45,36,71,32,45,39,23,20,8,25,17,2,6070,3463,66,40,30,87,63,69,69,5,700,464,12,12,12,3,30,44,46,42,30,65,1,33,34,35,34,39,26,60,58,62,52,68,-,-,25,21,31,25,63,59,68,58,53,40,31,23,-,-,-,-,-,-,-,-,14,15,13,37,2,45,66,66,66,-,-,-,-,-,20,40,8,33,1,1,1679,-,-,Yes,Yes,13,7,63,63,63,26,30,28,6,12,10,8,15,12,-,-,-,-,-,-
Mauritius,1299,272,66,0,0,13,1,61,72,74,41,23,17,41,0,0,,0,23,19,17,1,18,15,20,15,15,12,11,3,2,13,10,1,223,142,77,65,41,-,-,100,98,-,11,84,-,-,-,-,-,-,-,-,-,-,-,-,-,-,-,-,-,-,-,-,-,-,7,12,-,-,5,2,26,17,-,-,-,-,-,-,-,-,-,-,-,-,-,-,-,-,-,-,-,-,-,-,-,-,-,29,27,12,19,45,7,37,2,1,11099,-,90,Yes,Yes,48,40,67,73,71,43,46,45,3,5,4,7,11,9,81,78,93,87,-,-
Mexico,126705,38144,9893,1,1,1882,2,61,74,70,49,37,12,81,2,1,,0,45,28,13,4,14,12,36,11,22,14,8,5,2,10,7,2,25592,15274,75,74,80,99,94,97,97,41,1200,59,65,61,70,-,-,71,71,71,-,-,29,75,6,7,5,-,-,80,81,79,-,-,2,0,-,-,9,6,29,25,98,98,87,90,56,60,-,-,-,-,55,44,99,99,6,3,5,21,-,89,97,97,97,11,23,51,16,28,15,52,5,46,3,1,9946,Low,80,No,Yes,39,38,82,77,79,34,49,46,2,4,4,3,4,4,73,70,41,33,11,28
Micronesia (Federated States of),113,42,11,0,1,2,3,61,70,71,58,48,9,23,0,2,,-6,49,38,25,2,28,22,39,21,24,20,13,9,5,14,11,1,58,31,75,48,-,80,-,100,87,11,1,74,-,-,-,-,-,-,-,-,-,-,-,-,-,-,-,-,-,-,-,-,-,-,30,34,17,16,15,10,-,-,-,-,-,-,-,-,-,-,-,-,-,-,-,-,-,-,-,-,-,-,-,-,-,-,7,-,-,-,16,46,6,40,2,1,3568,-,-,No,No,-,-,-,-,-,-,-,-,-,-,-,-,-,-,-,-,-,-,-,-
Monaco,37,6,2,1,0,0,2,73,82,86,95,25,70,100,1,0,,6,8,5,3,3,3,3,4,1,4,3,2,2,1,3,2,3,1,0,88,-,-,-,-,-,-,-,-,-,-,-,-,-,-,-,-,-,-,-,-,-,-,-,-,-,-,-,-,-,-,-,-,-,-,-,-,-,-,-,-,-,-,-,-,-,-,-,-,-,-,-,-,-,-,-,-,-,-,-,100,100,100,-,-,-,-,-,-,-,-,-,-,-,185829,-,-,-,-,-,-,-,-,-,-,-,-,-,-,-,-,-,-,-,-,-,-,-,-
Mongolia,3348,1220,380,1,1,72,3,53,63,71,58,51,7,69,2,1,,0,107,64,15,7,16,13,77,13,30,23,8,11,3,12,4,5,1074,541,76,63,64,99,89,99,98,26,29,39,74,72,76,34,89,58,57,59,39,76,29,65,13,12,13,16,9,76,72,80,78,76,3,5,2,3,8,7,15,9,96,98,87,93,60,73,44,-,-,-,-,-,99,99,15,16,13,12,2,98,100,100,100,100,85,45,18,24,20,41,8,33,1,1,4340,Low,-,Yes,No,39,50,80,66,71,69,49,55,3,8,6,3,6,5,94,95,91,95,8,19
Montenegro,628,136,37,0,0,7,2,69,74,76,53,28,25,68,1,0,,0,16,14,2,9,2,2,15,2,11,8,1,2,1,5,3,2,16,7,80,67,33,97,94,99,99,24,0,6,53,51,56,18,65,91,91,91,69,100,58,64,5,4,5,5,2,90,90,91,76,92,15,17,3,3,6,6,13,10,95,98,93,97,83,90,-,-,-,43,56,54,99,99,8,9,7,6,3,98,99,100,99,100,-,61,11,43,16,44,5,34,1,1,8910,-,-,Yes,No,80,65,60,66,64,45,49,48,13,16,15,14,17,16,-,-,-,-,-,-
Montserrat,4,1,0,-1,0,0,2,64,75,76,44,19,25,9,6,0,,-9,17,11,5,4,5,5,15,5,9,6,3,3,1,-,-,-,0,0,77,-,-,-,-,100,-,-,-,-,-,-,-,-,-,-,-,-,-,-,-,-,-,-,-,-,-,-,-,-,-,-,19,0,15,15,-,-,-,-,-,-,-,-,-,-,-,-,-,-,-,-,-,-,-,-,-,-,-,-,100,100,100,-,-,-,-,-,-,-,-,-,-,-,-,-,-,-,-,-,-,-,-,-,-,-,-,-,-,-,-,-,-,-,-,-,-,-,-
Morocco,37077,11779,3285,1,1,651,2,49,67,74,52,41,11,64,2,2,,-1,81,52,18,5,20,16,64,15,37,28,11,9,2,21,13,2,11788,7239,76,73,72,89,54,87,86,21,470,71,39,36,41,6,78,36,36,36,26,47,21,14,7,-,-,-,-,-,-,-,-,-,24,30,2,3,6,9,24,27,-,-,-,-,-,-,-,-,36,18,27,12,98,97,-,-,-,14,-,-,97,97,97,-,-,-,-,-,17,47,7,40,2,1,3204,Very high,70,Yes,Yes,-,-,83,62,70,26,19,22,6,10,9,8,13,11,96,95,41,17,-,-
Mozambique,32077,16168,5260,3,2,1174,5,42,49,59,86,81,5,38,4,4,,0,246,171,70,4,74,65,163,51,62,47,28,61,13,25,17,2,79353,32279,62,47,56,94,51,73,55,4,1500,127,-,-,-,-,-,47,45,48,48,50,3,-,33,33,32,-,-,-,-,-,-,-,-,-,1,4,35,41,57,66,44,39,15,11,8,5,-,-,-,-,-,-,-,-,-,-,-,53,10,46,55,54,56,0,0,-,-,-,12,60,4,47,4,1,504,Low,70,No,Yes,12,6,83,72,79,86,63,77,1,7,3,1,11,4,37,26,51,33,-,-
Myanmar,53798,16125,4491,1,1,920,2,51,60,66,46,36,10,31,1,2,,-1,115,89,42,4,46,38,82,34,48,37,22,29,4,20,15,2,38581,19939,69,61,75,81,59,60,37,17,1700,179,23,22,25,11,42,52,51,53,41,73,5,72,13,14,13,21,5,-,-,-,-,-,88,88,-,-,22,20,47,38,82,84,45,45,14,19,-,-,11,12,-,-,95,96,10,10,10,16,5,78,81,82,81,2,2,50,13,33,22,40,9,31,1,1,1408,High,-,Yes,Yes,24,22,78,72,76,47,45,46,0,1,0,0,1,1,68,57,26,26,-,-
Namibia,2530,1060,333,1,1,69,3,54,52,59,67,61,7,53,4,3,,-2,73,77,39,3,43,35,49,29,28,24,19,14,13,18,17,0,2703,1352,63,62,80,97,63,88,87,14,150,215,-,-,-,-,-,-,-,-,-,-,-,-,-,-,-,-,-,-,-,-,-,-,33,30,-,-,3,0,22,23,75,86,48,62,33,39,-,-,-,-,-,-,94,96,-,-,-,7,1,65,78,-,-,25,23,35,26,18,9,64,3,56,6,0,4957,Low,-,No,No,19,16,54,71,63,49,61,56,16,24,21,13,22,19,-,-,-,-,-,-
Nauru,13,6,2,1,1,0,4,60,59,64,70,66,4,100,1,1,,-5,67,43,28,2,30,25,51,23,32,26,18,12,6,14,12,1,10,6,67,-,43,95,40,97,99,8,-,-,-,-,-,-,-,-,-,-,-,-,-,-,-,-,-,-,-,-,-,-,-,-,8,0,6,3,12,4,52,60,-,-,-,-,-,-,-,-,-,-,-,-,-,-,-,-,-,27,12,-,96,-,-,-,-,-,-,-,19,43,8,-,2,-,9397,-,-,-,-,-,-,-,-,-,-,-,-,-,-,-,-,-,-,-,-,-,-,-,-
Nepal,30035,10742,2952,1,1,610,2,43,63,68,55,46,9,21,3,3,,10,139,79,27,5,29,25,96,23,58,39,16,26,5,30,16,3,16392,9853,70,53,62,89,78,77,78,15,1100,174,62,64,60,52,87,73,74,73,61,91,3,66,25,26,24,40,13,65,65,66,53,82,6,15,-,-,7,3,26,13,81,83,71,75,27,28,-,-,-,-,-,-,94,91,22,20,23,33,9,59,77,76,78,10,23,-,-,-,-,-,-,33,1,1,1071,Medium,-,Yes,Yes,24,10,86,75,84,86,64,82,2,7,3,1,10,3,-,-,-,-,-,-
Netherlands,17502,3309,866,0,0,180,2,74,78,82,55,24,31,93,1,1,,3,8,6,4,2,4,4,7,4,5,4,3,2,1,5,2,4,713,482,83,86,-,-,-,-,-,14,7,4,-,-,-,-,-,-,-,-,-,-,-,-,-,-,-,-,-,-,-,-,-,-,3,2,1,1,3,2,1,0,-,-,-,-,-,-,-,-,99,84,76,84,-,-,-,-,-,-,-,-,100,100,100,100,100,-,-,-,23,37,9,28,1,1,52295,Very low,100,Yes,Yes,76,70,69,70,70,59,59,59,2,4,3,3,3,3,86,82,99,100,-,-
New Zealand,5130,1159,310,1,1,64,2,71,79,82,53,29,24,87,1,1,,7,11,7,5,2,5,4,9,4,4,4,3,3,1,4,3,2,297,162,84,86,-,-,-,96,97,23,4,7,-,-,-,-,-,-,-,-,-,-,-,-,-,-,-,-,-,-,-,-,-,-,8,9,1,1,0,0,4,1,-,-,-,-,-,-,-,-,90,56,81,78,-,-,-,-,-,-,-,-,100,100,100,100,67,-,-,-,-,-,-,34,1,-,41558,Very low,-,Yes,No,76,75,79,74,75,68,64,65,3,4,4,4,5,4,-,-,-,-,-,-
Nicaragua,6851,2451,698,1,1,141,2,55,67,74,54,46,8,59,2,2,,-2,67,39,13,5,15,12,51,11,23,17,7,7,3,15,10,2,1868,1036,77,70,90,95,88,94,71,30,110,78,-,-,-,-,-,-,-,-,-,-,-,-,-,-,-,-,-,-,-,-,-,-,-,-,-,-,-,-,-,-,-,-,-,-,-,-,-,-,-,-,-,-,-,-,-,-,-,35,19,-,85,-,-,18,3,-,-,-,14,52,5,46,3,1,1913,Very low,-,No,Yes,-,-,91,80,85,37,58,50,2,8,5,5,5,5,-,-,-,-,-,-
Niger,25253,14056,4972,4,3,1144,7,36,49,62,105,100,5,17,4,4,,0,332,229,115,3,119,111,134,60,55,44,34,64,33,26,21,1,124291,38501,63,37,46,84,37,44,44,1,4900,441,3,3,2,0,9,-,-,-,-,-,-,-,-,-,-,-,-,-,-,-,-,-,76,76,37,45,61,69,84,89,35,24,10,4,4,1,44,67,14,8,-,-,51,36,34,34,34,76,6,67,64,65,62,-,4,29,17,13,20,42,8,34,1,1,554,-,-,Yes,Yes,5,2,88,71,84,66,40,61,0,2,1,0,2,0,77,55,20,11,-,-
Nigeria,213401,106611,34831,3,2,7923,5,40,47,53,86,81,6,53,4,3,,0,209,182,111,2,117,104,124,71,50,46,35,38,20,29,22,1,852298,276463,53,44,36,67,57,43,39,3,82000,1047,36,36,35,8,78,63,62,63,46,87,6,46,32,32,31,31,30,61,60,62,47,85,-,-,-,-,-,-,-,-,71,71,66,59,57,44,17,11,-,-,-,-,82,68,31,32,31,43,3,35,43,43,42,0,12,45,16,21,19,42,7,35,1,1,2230,High,30,No,No,51,39,64,63,63,47,50,49,6,14,9,5,11,8,49,32,51,27,-,-
Niue,2,1,0,0,0,0,2,64,67,71,70,45,25,47,1,1,,-2,25,32,24,1,27,22,21,20,13,17,13,5,5,13,10,1,1,0,73,-,-,100,-,100,-,-,-,-,-,-,-,-,-,-,-,-,-,-,-,-,-,-,-,-,-,-,-,-,-,-,0,38,-,-,-,-,-,-,-,-,-,-,-,-,-,-,-,-,-,-,-,-,-,-,-,-,-,-,-,-,-,-,-,-,-,-,-,-,-,-,-,-,-,-,-,-,-,-,-,-,-,-,-,-,-,-,-,-,-,-,-,-,-,-,-,-,-
North Macedonia,2103,408,105,0,0,20,1,64,73,74,45,23,21,59,0,0,,0,37,16,5,5,6,5,33,5,17,9,3,3,2,11,4,5,108,69,76,68,30,97,96,100,99,38,1,3,37,41,32,7,67,88,86,91,70,99,55,62,6,7,5,11,1,82,76,89,67,91,51,51,1,1,-,-,-,-,97,100,93,95,86,79,-,-,-,52,45,39,-,-,3,4,2,8,-,99,100,100,100,100,-,-,-,-,19,39,6,31,1,1,6022,-,-,Yes,Yes,75,62,70,65,66,46,45,45,14,18,17,18,18,18,-,-,-,-,-,-
Norway,5403,1108,280,1,1,54,2,74,79,83,54,26,28,83,1,1,,2,9,5,2,4,2,2,7,2,4,3,1,2,1,4,2,3,117,69,85,86,-,-,-,99,99,16,1,2,-,-,-,-,-,-,-,-,-,-,-,-,-,-,-,-,-,-,-,-,-,-,4,4,0,0,0,1,8,8,-,-,-,-,-,-,99,82,-,65,81,81,-,-,-,-,-,0,-,-,100,100,100,100,100,-,-,-,23,37,9,25,1,1,75420,Very low,100,Yes,Yes,79,79,67,68,68,58,62,61,4,4,4,3,4,3,-,-,99,100,-,-
Oman,4520,1369,443,3,1,83,3,48,73,73,42,38,4,87,4,2,,-5,39,16,10,2,11,9,32,9,17,7,5,8,2,8,6,1,870,380,75,69,40,99,74,100,99,19,15,17,29,28,31,-,-,81,78,84,-,-,25,75,45,44,45,-,-,68,65,72,-,-,13,14,-,-,2,3,8,17,-,-,-,-,-,-,-,-,59,33,-,27,98,99,-,-,-,4,-,-,100,100,100,-,-,-,-,-,-,-,-,40,-,-,15343,-,-,No,No,57,72,78,85,84,25,40,36,0,1,1,6,8,7,98,96,-,-,-,-
Pakistan,231402,100538,29604,2,2,6375,3,55,62,66,70,63,7,37,2,3,,-2,140,108,63,3,68,59,107,53,64,57,39,14,8,38,31,1,399429,251307,69,45,49,91,52,68,70,23,9800,154,-,-,-,-,-,-,-,-,-,-,-,-,-,-,-,-,-,-,-,-,-,-,0,12,-,-,-,-,-,-,64,55,55,45,24,23,-,-,-,-,-,-,80,65,11,13,10,18,5,35,42,43,42,-,5,60,8,33,22,41,9,33,1,1,1285,Very high,20,Yes,No,13,10,84,79,82,28,12,22,4,5,4,3,10,4,65,26,35,7,-,-
Palau,18,5,1,0,0,0,2,56,66,66,44,30,14,81,0,0,,0,35,28,16,3,18,14,30,15,19,15,9,7,4,10,7,2,4,2,71,-,-,90,81,97,100,-,-,-,-,-,-,-,-,-,-,-,-,-,-,-,-,-,-,-,-,-,-,-,-,-,20,0,-,-,-,-,-,-,-,-,-,-,-,-,-,-,-,-,-,-,-,-,-,-,-,-,-,-,-,-,-,-,60,-,-,-,-,-,-,51,4,-,14902,-,-,No,No,88,88,-,-,-,-,-,-,-,-,-,-,-,-,-,-,-,-,-,-
Panama,4351,1366,385,2,1,77,2,65,74,76,54,41,13,69,2,2,,1,31,26,14,3,15,12,26,12,18,15,8,5,3,12,8,2,1067,596,80,77,65,99,88,95,96,32,38,50,37,38,35,28,67,74,73,74,55,89,26,69,3,3,2,6,1,80,80,81,77,95,88,88,10,11,13,12,35,31,95,96,75,81,57,68,-,-,-,-,36,19,99,99,2,3,1,26,-,-,97,97,97,19,22,51,12,25,12,54,4,51,3,1,15731,-,-,Yes,Yes,52,57,86,78,80,52,56,55,2,5,4,3,7,6,-,-,-,-,-,-
Papua New Guinea,9949,4057,1207,3,2,254,3,52,62,65,60,55,5,13,3,3,,1,85,71,43,2,46,39,62,34,32,30,21,14,8,18,15,1,10765,5382,68,33,49,76,49,56,55,3,490,192,-,-,-,-,-,-,-,-,-,-,-,-,-,-,-,-,-,-,-,-,-,-,28,29,4,10,24,32,50,60,-,-,-,-,-,-,-,-,-,-,-,-,-,-,-,-,-,27,4,13,13,13,14,-,-,-,-,-,-,-,-,42,2,1,2829,-,-,No,No,-,-,46,54,48,46,50,46,3,6,3,1,3,1,-,-,-,-,-,-
Paraguay,6704,2305,682,1,1,138,2,63,70,70,54,45,10,62,2,2,,-1,46,34,18,3,20,16,36,16,22,18,10,7,3,17,10,2,2512,1335,73,61,79,99,86,98,93,46,99,71,31,30,32,10,61,64,62,65,40,90,23,60,3,2,3,4,2,82,80,84,76,91,23,23,-,-,-,-,32,28,93,96,81,79,60,67,-,-,-,-,32,8,99,99,18,20,13,22,-,57,71,71,71,8,19,58,4,28,14,51,5,47,3,1,5415,Medium,-,Yes,Yes,43,42,87,84,85,55,62,60,4,6,5,8,9,8,-,-,-,-,-,-
Peru,33715,10639,2917,1,1,594,2,47,70,72,53,40,13,79,1,1,,2,80,38,14,5,15,13,57,11,28,16,7,10,2,14,7,3,8333,4235,75,78,67,98,96,96,95,36,410,69,77,76,79,70,90,-,-,-,-,-,-,-,-,-,-,-,-,-,-,-,-,-,0,1,-,-,3,3,15,21,95,95,83,83,78,72,-,-,-,-,-,-,100,99,15,14,15,14,-,-,96,-,-,9,16,81,2,51,15,47,5,43,2,1,6978,Low,100,Yes,Yes,63,53,95,83,85,88,66,71,0,4,3,0,4,3,85,79,51,34,-,-
Philippines,113880,41441,11923,2,1,2485,3,62,69,69,56,48,8,48,2,2,,-1,57,38,26,2,28,23,40,20,19,17,12,8,5,14,10,2,63392,30500,72,55,56,94,87,84,78,13,1900,78,29,26,33,17,58,-,-,-,-,-,-,-,-,-,-,-,-,-,-,-,-,-,36,33,3,4,12,7,24,17,89,95,75,88,74,83,-,-,10,17,19,-,98,99,-,-,-,17,3,88,92,92,91,12,31,55,13,28,16,49,6,44,2,1,3485,Very high,100,Yes,Yes,28,33,74,72,73,45,49,47,2,3,2,2,3,3,-,-,30,39,-,-
Poland,38308,6982,1908,0,0,363,1,70,74,76,52,23,29,60,0,0,,0,17,9,4,4,5,4,15,4,11,6,3,3,1,4,3,2,1614,1005,80,74,-,-,-,100,100,21,7,2,-,-,-,-,-,-,-,-,-,-,-,-,-,-,-,-,-,-,-,-,-,-,1,2,1,1,2,4,2,2,-,-,-,-,-,-,-,-,98,73,85,85,-,-,-,-,-,-,-,-,100,100,100,100,100,62,9,38,22,39,8,29,1,1,15695,Very low,-,Yes,Yes,90,86,66,66,66,47,50,49,3,3,3,4,3,4,-,-,-,-,-,-
Portugal,10290,1690,433,0,0,80,1,67,77,81,56,21,35,67,1,0,,3,15,7,3,4,3,3,12,3,7,3,2,4,1,4,2,3,255,137,84,84,-,100,-,99,99,31,10,12,-,-,-,-,-,-,-,-,-,-,-,-,-,-,-,-,-,-,-,-,-,-,8,6,0,1,0,0,-,-,-,-,-,-,-,-,-,-,97,74,80,77,100,100,-,-,-,-,-,-,100,100,100,100,93,-,-,-,20,41,7,32,1,1,23214,Very low,-,Yes,Yes,42,44,63,65,65,49,56,55,5,6,6,7,7,7,-,-,-,-,-,-
Qatar,2688,475,145,7,0,27,2,67,75,79,21,19,2,99,7,0,,-11,21,12,5,4,6,5,18,5,11,7,3,4,1,7,3,4,152,88,81,74,69,91,85,100,99,20,2,8,41,41,41,-,-,88,89,88,-,-,40,55,12,12,11,-,-,84,83,85,-,-,6,5,3,0,4,10,-,-,-,-,-,-,-,-,-,-,66,40,49,37,-,-,-,-,-,4,1,-,100,100,100,-,-,-,-,-,-,-,-,40,-,-,62088,-,-,No,No,37,60,92,96,95,53,58,57,0,0,0,0,1,0,100,100,-,-,2,8
Republic of Korea,51830,7517,1651,0,0,289,1,62,76,84,40,17,23,81,1,0,,1,16,8,3,5,3,3,13,2,7,3,1,4,1,3,2,3,860,400,87,87,-,-,97,100,100,32,24,8,-,-,-,-,-,-,-,-,-,-,-,-,-,-,-,-,-,-,-,-,-,-,11,10,1,1,5,5,7,8,-,-,-,-,-,-,-,-,-,95,85,85,-,-,-,-,-,-,-,-,-,-,-,-,40,-,-,-,21,39,8,35,1,1,31846,Low,70,Yes,Yes,83,70,76,72,73,56,53,54,3,4,4,3,4,4,97,95,95,95,4,14
Republic of Moldova,3062,709,202,-2,0,38,2,64,66,69,50,30,20,43,-2,1,,-5,33,31,14,4,16,13,28,12,19,21,11,5,2,12,7,3,552,402,74,67,64,99,95,100,99,16,5,12,71,74,67,50,88,89,86,92,81,95,68,68,6,6,6,9,5,84,83,84,75,87,0,1,-,-,-,-,13,12,99,99,95,98,63,71,-,-,-,-,57,50,-,-,-,-,-,12,1,98,100,99,100,100,-,51,13,30,24,36,10,26,1,1,4494,Low,90,Yes,Yes,76,74,40,54,45,34,44,38,6,5,6,4,5,4,-,-,43,45,-,-
Romania,19329,3722,1029,-1,0,195,2,68,71,74,54,25,29,54,0,0,,-1,31,21,6,6,7,6,24,5,16,10,3,5,2,6,3,3,1281,632,78,71,47,72,76,93,95,34,20,10,81,80,81,-,-,-,-,-,-,-,-,-,-,-,-,-,-,-,-,-,-,-,15,16,13,13,11,12,21,19,-,-,-,-,-,-,-,-,-,-,59,53,99,99,-,-,-,-,-,-,100,100,100,100,100,52,15,32,17,41,5,35,1,1,12913,Very low,100,-,-,74,65,66,65,65,42,48,46,5,4,4,4,3,3,97,96,62,54,-,-
Russian Federation,145103,30178,7890,0,0,1397,1,68,65,69,50,27,23,75,0,0,,2,22,19,5,6,6,5,17,4,11,9,2,5,2,7,3,3,7347,2857,75,75,72,-,-,100,99,13,200,14,-,-,-,-,-,-,-,-,-,-,-,-,-,-,-,-,-,-,-,-,-,-,7,7,1,0,2,1,3,2,-,-,-,-,-,-,-,-,99,91,78,78,100,100,-,-,-,6,-,-,100,100,100,63,100,34,22,13,18,45,7,35,1,1,11585,Low,-,Yes,No,86,84,65,72,70,48,57,55,7,4,5,7,4,4,97,97,75,76,8,18
Rwanda,13462,6162,1889,2,2,404,4,47,47,66,73,67,5,18,3,3,,0,150,185,39,7,43,36,92,30,41,44,18,62,15,28,17,2,15638,7070,68,54,63,98,47,94,93,13,1000,259,34,33,36,24,64,47,46,49,35,62,2,37,28,30,26,35,13,82,80,84,76,91,48,47,6,6,6,2,50,49,48,61,25,30,19,16,-,-,-,-,-,-,84,89,19,17,21,6,0,77,86,86,85,1,5,31,34,14,16,51,6,44,2,1,820,Low,-,No,Yes,12,8,85,78,83,87,71,84,0,4,1,0,5,1,-,-,-,-,-,-
Saint Kitts and Nevis,48,11,3,0,0,1,2,61,70,72,42,28,14,31,0,1,,-2,30,24,15,2,16,13,25,12,19,17,10,5,3,11,8,2,9,6,75,-,-,100,-,100,-,-,-,-,-,-,-,-,-,-,-,-,-,-,-,-,-,-,-,-,-,-,-,-,-,-,0,21,-,-,-,-,4,5,-,-,-,-,-,-,-,-,-,-,-,-,-,-,-,-,-,-,-,-,-,-,-,78,-,-,-,-,-,-,-,40,-,-,19935,-,-,No,No,-,-,-,-,-,-,-,-,-,-,-,-,-,-,-,-,-,-,-,-
Saint Lucia,180,40,10,1,0,2,1,64,71,71,38,25,13,19,-1,1,,0,22,18,25,-1,27,22,18,22,12,12,13,5,3,14,11,1,52,27,75,72,72,97,90,100,100,19,1,73,85,87,84,-,-,93,89,96,-,-,68,59,5,5,5,-,-,91,91,92,-,-,2,0,6,1,9,10,14,19,99,99,85,98,70,90,-,-,-,-,-,-,-,-,3,5,2,24,-,78,92,91,93,39,-,-,-,-,11,55,3,51,3,1,11611,-,-,No,No,39,44,72,79,76,65,71,69,12,15,14,15,18,17,-,-,-,-,-,-
Saint Vincent and the Grenadines,104,27,7,0,0,1,2,69,71,70,49,33,16,53,0,1,,-4,24,22,14,2,15,12,20,13,13,13,8,4,5,10,12,-1,19,11,72,73,-,100,100,99,-,-,1,62,-,-,-,-,-,-,-,-,-,-,-,-,-,-,-,-,-,-,-,-,-,-,1,42,-,-,6,0,18,17,-,-,-,-,-,-,-,-,-,-,-,-,-,-,-,-,-,-,-,-,-,-,-,29,-,-,-,-,-,-,-,40,-,-,7458,-,-,No,No,-,-,73,80,77,54,59,57,19,21,20,15,18,17,-,-,-,-,-,-
Samoa,219,96,29,1,1,6,4,60,71,73,75,66,9,18,0,1,,-4,30,21,17,1,18,15,25,14,13,9,7,5,2,9,8,1,99,39,76,53,39,94,97,89,89,8,4,59,26,23,29,18,36,87,86,88,83,92,9,51,16,18,13,16,16,73,70,77,65,75,65,65,-,-,-,-,21,11,96,99,95,99,48,66,-,-,-,-,-,-,99,99,14,16,11,7,2,41,67,67,67,29,0,-,-,-,18,46,7,39,2,1,4324,-,-,No,Yes,70,75,54,61,56,29,41,31,7,10,7,10,10,10,-,-,-,-,-,-
San Marino,34,5,1,1,0,0,1,74,80,81,50,20,30,98,1,0,,1,14,6,2,6,2,2,12,2,7,3,1,3,1,3,2,3,0,0,84,-,-,-,-,-,-,-,-,-,-,-,-,-,-,-,-,-,-,-,-,-,-,-,-,-,-,-,-,-,-,-,16,0,2,5,9,8,53,62,-,-,-,-,-,-,-,-,-,-,-,-,-,-,-,-,-,-,-,-,100,100,100,100,-,-,-,-,-,-,-,28,-,-,48995,-,-,Yes,No,52,56,-,-,-,-,-,-,-,-,-,-,-,-,-,-,-,-,-,-
Sao Tome and Principe,223,105,30,2,2,6,4,57,62,68,78,71,7,75,4,2,,-4,109,82,15,8,17,14,69,12,26,22,8,22,3,16,9,3,97,48,70,60,58,98,84,97,95,10,9,146,35,36,34,19,57,43,42,44,37,68,6,71,21,21,22,29,17,63,59,67,61,75,49,46,6,6,12,7,19,16,82,92,60,60,26,31,-,-,-,-,-,-,98,98,11,9,12,28,3,99,99,99,98,2,-,-,-,-,12,61,4,56,4,1,1947,-,-,Yes,No,46,32,78,71,74,43,40,42,7,11,9,18,23,21,-,-,-,-,-,-
Saudi Arabia,35950,11026,3187,2,1,629,2,53,72,77,40,37,4,85,3,1,,-4,44,22,7,6,7,7,35,6,22,12,3,8,2,9,4,3,4350,2060,79,73,-,97,-,99,-,-,110,16,-,-,-,-,-,-,-,-,-,-,-,-,-,-,-,-,-,-,-,-,-,-,49,45,5,5,0,3,3,9,-,-,-,-,-,-,-,-,63,23,48,15,100,99,-,-,-,-,-,-,99,100,99,-,3,-,-,-,-,-,-,42,-,-,23140,-,-,No,Yes,64,59,76,79,78,22,22,22,2,3,3,24,23,23,99,97,81,58,-,-
Senegal,16877,8168,2571,3,2,550,4,41,57,67,82,76,6,49,3,3,,-1,139,130,39,6,42,35,71,29,40,38,21,34,8,26,19,1,20831,11590,69,49,53,98,56,75,80,7,1400,261,21,21,21,6,51,20,18,21,15,33,1,29,39,39,38,30,54,67,66,68,59,71,85,83,30,19,64,57,81,79,44,50,27,30,11,10,48,79,41,27,9,8,-,-,23,27,19,31,1,77,79,80,77,3,1,7,69,3,17,47,6,40,2,1,1447,Medium,-,Yes,Yes,17,5,61,54,57,34,36,35,3,9,6,3,10,7,-,-,-,-,-,-
Serbia,7297,1253,345,0,-1,68,2,66,71,74,54,22,32,57,0,0,,0,28,13,5,4,6,5,24,5,17,8,4,3,1,5,5,0,374,240,77,71,38,99,97,100,100,32,7,10,61,58,63,11,80,96,95,97,93,97,78,83,4,3,4,7,2,97,96,99,99,97,8,7,3,3,3,3,16,13,100,100,100,99,96,92,-,-,-,68,62,60,100,100,10,11,8,6,1,100,100,100,100,-,-,51,18,35,17,42,5,33,1,1,7412,Very low,100,Yes,Yes,79,69,67,61,63,48,48,48,8,11,10,10,12,11,97,92,73,70,9,19
Seychelles,106,29,9,1,0,2,2,58,70,71,45,34,11,58,2,1,,1,16,14,14,0,15,13,14,12,11,9,9,4,2,9,9,0,23,14,76,70,-,-,-,100,-,-,0,3,-,-,-,-,-,-,-,-,-,-,-,-,-,-,-,-,-,-,-,-,-,-,4,2,2,14,9,7,20,9,-,-,-,-,-,-,-,-,-,-,-,-,99,100,-,-,-,-,-,-,-,-,-,-,-,-,-,-,20,39,7,47,3,1,17448,-,-,Yes,Yes,48,44,-,-,-,-,-,-,-,-,-,-,-,-,-,-,-,-,-,-
Sierra Leone,8421,3880,1188,3,2,264,4,39,45,60,74,69,5,43,4,3,,0,261,226,105,4,111,98,155,78,52,48,31,42,25,33,23,2,27155,8166,61,39,53,98,79,87,83,4,1200,443,12,11,12,1,41,19,19,19,13,31,2,41,30,30,30,32,25,51,48,55,43,72,60,57,2,2,49,49,64,67,63,65,47,42,27,18,6,6,-,-,-,-,71,63,25,26,25,30,4,93,90,90,91,-,1,-,-,-,20,44,8,36,2,1,528,High,-,No,No,18,7,51,63,58,48,63,58,11,3,5,6,3,4,-,-,-,-,-,-
Singapore,5941,860,246,2,1,42,1,69,79,83,35,16,19,100,2,1,,3,8,4,2,3,2,2,6,2,4,2,1,2,1,3,2,2,87,32,85,86,-,-,-,100,100,-,3,7,-,-,-,-,-,-,-,-,-,-,-,-,-,-,-,-,-,-,-,-,-,-,-,-,0,0,0,0,0,0,-,-,-,-,-,-,-,-,97,96,89,92,100,100,-,-,-,0,-,-,100,-,-,89,-,-,-,-,-,-,-,47,2,-,65233,Low,-,Yes,Yes,77,72,76,79,78,60,63,62,2,3,3,2,4,3,89,88,100,96,-,-
Slovakia,5448,1026,289,0,0,54,2,70,73,75,49,24,26,54,0,0,,0,15,10,6,3,6,5,13,5,9,5,3,3,1,4,3,1,312,152,78,77,-,97,-,98,-,24,3,5,-,-,-,-,-,-,-,-,-,-,-,-,-,-,-,-,-,-,-,-,-,-,15,15,3,3,4,5,11,11,-,-,-,-,-,-,-,-,93,71,69,75,-,-,-,-,-,-,-,-,100,100,100,100,100,-,-,-,24,34,9,23,1,1,19266,Very low,100,Yes,No,91,84,68,68,68,51,53,52,7,5,6,7,5,6,78,74,85,83,-,-
Slovenia,2119,380,101,0,0,19,2,68,76,81,55,24,32,55,1,1,,2,10,5,2,4,2,2,9,2,6,3,1,2,1,4,3,2,42,24,84,80,-,100,-,100,100,-,1,5,-,-,-,-,-,-,-,-,-,-,-,-,-,-,-,-,-,-,-,-,-,-,9,8,1,0,2,1,1,1,-,-,-,-,-,-,-,-,96,75,82,84,-,-,-,-,-,-,-,-,100,100,100,96,79,-,-,-,25,35,10,24,1,1,25941,Very low,90,Yes,Yes,87,79,63,62,63,53,53,53,4,4,4,5,5,5,98,97,98,97,-,-
Solomon Islands,708,323,101,2,2,21,4,56,67,70,75,69,6,25,4,3,,-1,38,31,19,2,20,17,31,16,15,13,8,7,4,12,9,1,393,160,72,50,38,89,69,86,85,6,26,122,-,-,-,-,-,-,-,-,-,-,-,-,-,-,-,-,-,-,-,-,-,-,36,33,9,4,-,-,-,-,-,-,-,-,-,-,-,-,-,-,-,-,-,-,18,17,19,21,4,-,88,87,89,24,-,-,-,-,18,45,7,37,2,1,2374,-,-,No,No,-,-,90,81,86,86,78,82,0,1,1,0,1,1,-,-,-,-,-,-
Somalia,17066,9212,3200,3,3,744,6,46,51,55,99,94,5,47,5,4,,-1,180,173,112,2,117,105,109,71,45,45,36,39,25,33,28,1,79723,26719,57,27,-,26,6,9,9,-,4500,621,2,2,2,1,6,79,80,79,76,85,-,-,-,-,-,-,-,-,-,-,-,-,-,-,-,-,-,-,-,-,-,-,-,-,-,-,-,-,-,-,-,-,-,-,-,-,-,45,-,3,3,3,3,-,-,-,-,-,-,-,-,41,2,-,127,-,-,Yes,No,-,-,79,63,74,24,19,22,9,23,13,9,24,13,-,-,-,-,-,-
South Africa,59392,19961,5813,1,1,1177,2,56,58,62,53,44,9,68,2,1,,0,62,71,33,4,35,30,48,26,22,17,11,7,6,21,16,1,38868,12979,65,67,80,94,76,97,96,26,1500,127,48,-,-,-,-,-,-,-,-,-,-,-,-,-,-,-,-,-,-,-,-,-,29,27,12,10,11,10,21,20,95,98,85,91,45,52,22,16,-,-,-,-,98,99,4,4,3,4,1,-,89,-,-,8,77,50,10,25,7,68,2,67,10,0,6001,Low,-,Yes,Yes,77,54,49,69,63,37,56,50,31,26,27,33,30,31,77,80,68,70,-,-
South Sudan,10748,5621,1486,3,2,313,4,26,46,55,91,85,5,21,4,3,,-3,251,182,99,3,104,94,149,64,64,56,40,54,22,31,26,1,31312,12408,57,32,4,62,17,19,12,1,3800,1223,6,6,6,2,13,-,-,-,-,-,-,-,-,-,-,-,-,-,-,-,-,-,78,81,58,67,49,63,57,72,31,18,22,10,12,4,-,-,-,-,-,-,48,47,-,-,-,52,-,34,35,35,36,-,18,-,-,-,-,-,-,46,3,1,1120,-,-,No,Yes,16,11,79,63,74,75,61,71,8,20,11,9,24,13,-,-,-,-,-,-
Spain,47487,8198,1897,1,0,358,1,72,79,83,52,21,30,81,1,0,,6,9,5,3,3,3,3,7,3,5,3,2,2,1,3,2,2,1089,637,86,86,-,-,-,100,-,26,12,3,-,-,-,-,-,-,-,-,-,-,-,-,-,-,-,-,-,-,-,-,-,-,5,5,3,3,1,1,2,1,-,-,-,-,-,-,-,-,97,65,84,75,99,100,-,-,-,-,-,-,100,100,100,100,100,-,-,-,18,41,6,33,1,1,29565,Very low,100,Yes,Yes,53,53,59,64,64,46,53,52,12,13,13,17,16,16,97,97,96,92,-,-
Sri Lanka,21773,6120,1562,1,0,306,2,65,70,76,52,35,17,19,1,1,,-4,23,17,7,4,7,6,19,6,14,10,4,6,2,11,6,3,2088,1179,80,67,74,99,93,100,100,32,89,29,60,-,-,52,73,95,94,96,-,-,47,85,-,-,-,-,-,-,-,-,-,-,-,-,2,3,0,0,18,13,99,99,94,96,32,43,-,-,-,-,-,-,99,99,1,1,1,10,-,-,97,97,97,29,32,59,7,33,18,47,7,45,2,1,3853,High,-,No,No,61,63,74,73,74,34,30,34,3,3,3,7,6,7,-,-,-,-,-,-
State of Palestine,5133,2339,712,2,2,145,4,55,70,73,74,68,6,77,3,2,,-2,45,30,15,3,16,13,36,13,23,17,9,5,3,14,9,2,2147,1350,76,-,61,99,95,100,99,26,30,20,34,36,33,26,45,76,75,77,66,87,12,73,14,14,14,17,12,84,82,86,81,90,33,30,5,5,5,1,31,16,99,100,78,94,51,74,-,-,-,-,-,-,99,99,7,10,5,13,-,97,99,99,99,7,12,30,29,15,19,41,7,45,2,1,3562,-,40,-,-,45,47,76,69,70,19,18,18,12,23,21,29,44,41,79,70,34,16,3,20
Sudan,45657,21570,7084,2,2,1534,4,46,58,65,80,74,6,36,3,3,,0,132,104,55,3,60,50,82,39,43,37,27,26,8,28,22,1,82570,40883,68,44,30,79,51,78,28,9,4100,270,22,22,23,7,59,-,-,-,-,-,2,46,-,-,-,-,-,-,-,-,-,-,60,60,31,35,33,35,53,50,66,64,49,52,33,28,-,-,-,-,-,-,73,73,18,20,16,34,-,62,67,69,66,-,-,-,-,-,20,42,8,34,1,1,442,-,-,No,No,5,1,71,65,68,31,27,29,11,13,11,23,39,29,70,54,20,10,-,-
Suriname,613,195,54,1,1,11,2,60,66,70,51,40,11,66,1,1,,-1,45,31,17,3,19,15,39,15,21,17,11,5,4,14,11,1,190,119,74,67,58,85,68,98,93,16,11,96,46,43,49,32,67,66,63,70,46,80,26,65,6,6,6,8,3,77,72,83,65,94,10,6,13,10,19,11,42,34,80,90,41,58,18,26,30,12,-,-,-,-,99,98,4,5,4,36,20,98,98,98,99,0,58,-,-,-,-,-,-,38,6,0,6360,-,-,Yes,Yes,23,26,61,66,64,37,41,39,3,5,4,9,13,11,-,-,-,-,-,-
Sweden,10467,2215,595,1,1,113,2,75,80,83,61,28,32,88,1,1,,8,7,4,2,2,3,2,6,2,4,2,1,1,1,4,2,2,279,153,85,87,87,100,-,-,-,-,5,5,-,-,-,-,-,-,-,-,-,-,-,-,-,-,-,-,-,-,-,-,-,-,0,0,-,-,-,-,1,3,-,-,-,-,-,-,-,-,98,74,82,81,-,-,-,-,-,-,-,-,100,100,100,100,100,-,-,-,21,38,8,28,1,1,51648,Very low,-,Yes,Yes,77,77,66,69,68,59,62,61,6,7,7,6,7,7,-,-,-,-,-,-
Switzerland,8691,1560,436,1,1,87,1,73,80,84,52,23,29,74,1,1,,3,8,6,4,2,4,4,7,3,4,3,3,2,1,3,2,1,332,235,86,87,-,-,-,-,-,30,6,7,-,-,-,-,-,-,-,-,-,-,-,-,-,-,-,-,-,-,-,-,-,-,0,1,-,-,0,1,17,20,-,-,-,-,-,-,-,-,-,-,76,83,-,-,-,-,-,-,-,-,100,100,100,100,100,-,-,-,20,41,8,31,1,1,81989,Very low,-,Yes,No,90,84,75,73,73,65,62,63,3,4,4,4,5,5,-,-,-,-,-,-
Syrian Arab Republic,21324,8679,1892,1,3,427,3,61,71,72,60,53,7,56,1,4,,10,37,23,22,0,24,20,30,18,17,12,11,10,5,12,11,0,9057,4621,75,56,53,88,64,96,78,26,120,30,8,8,7,4,18,70,70,69,52,84,30,52,17,17,17,22,15,-,-,-,-,-,-,-,-,-,-,-,-,-,-,-,-,-,-,-,-,-,-,-,-,-,-,-,-,-,-,13,-,89,96,96,96,-,-,-,-,-,-,-,-,34,1,1,1178,-,-,Yes,No,25,19,78,71,74,15,14,15,4,8,6,17,24,20,-,-,-,-,-,-
Tajikistan,9750,4093,1269,2,2,261,3,57,63,72,66,60,6,28,2,3,,0,103,84,31,5,35,27,81,28,31,28,14,8,2,14,9,2,8189,3540,74,66,52,92,64,95,88,5,44,17,6,-,-,-,-,74,73,74,56,86,17,46,13,13,12,15,11,-,-,-,-,-,87,88,1,2,-,-,19,27,99,98,95,93,80,63,-,-,-,-,-,-,-,-,-,-,-,9,-,90,96,96,96,67,14,15,43,8,19,42,7,34,1,1,871,Medium,-,Yes,No,85,76,46,52,50,27,30,29,5,9,8,3,6,5,-,-,-,-,-,-
Thailand,71601,13764,3379,1,0,644,1,58,72,79,43,23,21,52,3,1,,0,37,22,8,5,9,7,30,7,21,12,5,6,4,10,5,3,5429,3035,83,83,88,99,90,99,99,35,190,29,86,85,88,85,88,92,90,94,85,98,34,80,5,6,4,5,3,93,91,95,90,96,0,0,-,-,-,-,21,21,98,99,81,92,59,72,-,-,-,-,40,47,98,99,-,-,-,20,10,100,100,100,100,40,21,52,12,26,19,43,8,36,2,1,7807,Medium,60,No,No,35,35,76,75,75,58,60,59,1,1,1,1,1,1,83,84,84,80,-,-
Timor-Leste,1321,562,157,2,1,33,3,37,59,68,68,59,9,32,3,2,,-2,176,111,51,4,55,46,132,43,57,39,22,26,9,22,14,2,1653,733,70,53,46,84,77,57,49,4,67,204,14,13,16,9,16,81,83,79,72,89,4,40,29,29,30,33,26,53,51,56,34,74,51,48,7,3,12,9,27,22,77,85,63,70,49,55,-,-,-,-,-,-,82,85,9,9,10,15,1,38,60,60,61,-,38,42,25,14,23,38,9,29,1,1,1561,-,-,-,-,-,-,75,66,73,65,51,62,2,8,3,3,17,6,-,-,-,-,-,-
Togo,8645,4035,1270,2,2,275,4,46,55,62,77,71,5,43,4,3,,0,148,120,63,3,68,57,91,43,44,37,24,33,12,27,21,1,16919,6618,62,44,40,78,55,69,80,9,1100,399,20,21,20,10,40,19,18,19,16,26,1,38,29,29,29,38,21,52,50,55,48,61,1,0,2,4,15,28,47,66,83,76,55,39,31,12,25,47,19,16,-,-,92,84,39,38,39,25,3,79,83,84,82,-,49,-,-,-,15,49,5,43,2,1,679,High,-,Yes,Yes,17,3,62,61,61,58,54,56,3,7,5,1,5,3,49,39,53,38,-,-
Tokelau,2,1,0,0,1,0,3,62,72,75,60,47,13,0,-,-,,0,-,-,-,-,-,-,-,-,-,-,-,-,-,-,-,-,-,-,76,-,-,-,-,-,-,-,-,-,-,-,-,-,-,-,-,-,-,-,-,-,-,-,-,-,-,-,-,-,-,-,0,6,-,-,-,-,31,29,-,-,-,-,-,-,-,-,-,-,-,-,-,-,-,-,-,-,-,-,-,-,-,-,-,-,-,-,-,-,-,-,-,-,-,-,-,-,-,-,-,-,-,-,-,-,-,-,-,-,-,-,-,-,-,-,-,-,-
Tonga,106,44,12,0,1,2,3,63,69,71,69,59,10,23,0,1,,-9,22,17,11,2,12,10,19,10,10,7,5,3,2,8,6,1,27,12,74,56,50,98,89,98,98,14,3,126,35,30,41,29,37,88,87,88,86,92,24,63,9,10,7,14,6,79,79,79,75,82,0,11,-,-,17,4,49,33,98,99,65,76,45,56,-,-,-,-,-,-,99,100,26,33,19,10,3,93,98,97,98,26,3,-,-,-,18,45,7,38,2,1,4903,-,-,No,No,53,55,58,52,56,39,36,38,3,3,3,4,4,4,-,-,-,-,-,-
Trinidad and Tobago,1526,353,92,1,0,18,2,65,69,73,44,28,16,53,0,0,,2,30,28,16,3,18,15,27,15,20,18,10,4,2,12,9,2,294,184,76,73,58,95,100,100,98,22,5,27,85,85,84,72,93,96,95,96,94,100,76,76,2,2,1,3,1,91,89,93,90,93,21,20,-,-,-,-,27,25,-,-,-,-,-,-,-,-,80,-,58,48,-,-,1,1,1,11,-,85,97,97,97,40,15,-,-,-,-,-,-,40,2,1,17398,Low,-,Yes,No,67,68,68,72,71,48,51,50,3,4,4,3,4,4,-,-,-,-,-,-
Tunisia,12263,3574,1035,1,1,197,2,54,74,74,51,38,13,70,1,1,,-1,55,30,16,3,18,15,43,14,28,18,12,7,3,15,11,2,3281,2278,77,70,63,95,84,100,100,43,74,37,51,52,49,17,71,73,73,74,44,91,24,62,13,13,12,18,8,82,83,82,75,91,-,-,-,-,-,-,-,-,94,97,68,80,40,57,47,-,-,-,28,25,-,-,2,3,1,1,0,100,100,100,100,25,29,-,-,-,20,41,8,33,1,1,3317,High,-,No,Yes,4,1,70,69,69,17,29,25,11,13,12,22,22,22,83,77,46,28,-,-
Türkiye,84775,23673,6610,1,0,1245,2,57,72,76,47,34,12,77,2,1,,-1,74,38,9,7,10,8,56,8,32,19,5,9,2,11,4,5,11390,5883,79,79,60,96,90,97,99,52,220,17,-,-,-,-,-,65,66,65,42,88,29,76,6,6,7,9,5,74,70,78,62,85,23,25,5,5,3,4,17,19,99,98,96,92,51,44,-,-,-,70,74,56,100,100,4,4,4,15,-,-,98,98,99,-,-,64,6,38,16,48,5,42,2,1,9127,Low,-,Yes,Yes,49,36,68,75,72,33,35,34,10,14,12,14,18,16,-,-,-,-,-,-
Turkmenistan,6342,2282,688,1,1,137,3,58,65,69,57,49,8,53,2,2,,-1,79,70,41,3,47,35,65,36,27,30,23,7,4,11,9,1,5728,3217,73,73,80,100,98,100,100,8,7,5,41,40,42,17,77,90,90,90,88,93,32,75,2,3,2,2,2,95,95,95,90,97,-,-,-,-,-,-,-,-,100,100,99,99,97,97,71,53,-,-,-,-,-,-,0,0,0,6,-,99,100,100,100,-,-,-,-,-,-,-,-,27,2,1,6967,-,-,-,-,81,73,68,74,72,42,46,44,3,6,5,1,3,2,-,-,-,-,-,-
Turks and Caicos Islands,45,9,3,4,1,1,2,56,74,75,37,23,14,94,5,1,,15,14,9,4,3,5,4,11,4,8,5,2,3,1,-,-,-,2,1,78,-,-,97,93,100,97,55,-,-,93,95,92,-,100,87,86,88,57,97,55,74,1,1,0,0,0,91,93,88,-,95,8,0,9,9,9,15,48,41,98,100,98,100,100,96,-,-,-,-,-,-,-,-,6,9,3,23,5,97,99,99,99,58,-,-,-,-,-,-,-,-,-,-,31353,-,-,-,-,-,-,-,-,-,-,-,-,-,-,-,-,-,-,-,-,-,-,-,-
Tuvalu,11,4,1,1,1,0,3,55,63,65,61,51,10,65,2,2,,-1,53,42,21,3,23,19,41,18,28,24,10,10,5,15,9,2,6,3,69,-,41,94,60,100,99,20,-,-,73,75,70,70,79,87,87,88,83,91,24,66,17,19,14,31,7,69,70,67,65,76,10,0,18,16,31,36,68,61,98,100,74,91,45,60,-,-,-,-,-,-,-,-,4,3,5,2,2,81,87,85,89,-,-,-,-,-,-,-,-,39,2,1,4059,-,-,-,-,-,-,-,-,-,-,-,-,-,-,-,-,-,-,-,-,-,-,-,-
Uganda,45854,24092,7690,3,2,1687,5,50,48,63,88,85,3,26,5,5,,1,183,146,42,6,47,37,107,31,40,33,19,29,13,23,15,2,69025,32037,65,50,55,95,57,74,73,6,4700,284,37,34,39,15,66,53,51,55,38,74,2,50,37,37,37,49,21,65,64,66,56,82,-,-,16,12,49,49,72,78,39,43,27,23,18,15,33,21,52,53,49,42,89,90,18,17,19,34,6,26,32,32,32,5,-,10,79,3,16,50,6,43,2,1,794,High,-,No,Yes,14,6,73,74,73,68,65,67,1,2,1,1,6,2,-,-,-,-,-,-
Ukraine,43531,7898,1798,-1,-1,336,1,69,68,72,48,23,26,70,0,-1,,0,19,18,8,4,9,7,16,7,12,11,5,4,2,7,5,2,2834,1622,77,73,68,99,87,100,99,12,56,17,52,54,50,30,68,98,97,98,95,99,91,52,7,6,7,11,5,89,89,89,88,91,-,-,9,7,4,3,7,4,100,99,100,100,97,97,-,-,-,-,74,-,-,-,3,3,3,9,4,99,100,100,100,100,100,46,16,22,24,37,10,26,1,1,3659,Low,50,Yes,No,78,71,61,64,63,45,48,47,10,8,9,8,8,8,89,90,65,61,-,-
United Arab Emirates,9365,1599,482,5,1,97,1,60,74,79,20,18,2,87,5,1,,0,17,11,6,3,7,6,14,5,8,6,3,4,2,8,5,3,618,337,81,78,-,100,-,99,100,-,9,9,-,-,-,-,-,-,-,-,-,-,-,-,-,-,-,-,-,-,-,-,-,-,0,0,-,-,2,3,3,2,-,-,-,-,-,-,-,-,68,53,57,50,95,98,-,-,-,-,-,-,100,100,100,-,1,-,-,-,23,35,9,33,1,-,43103,-,60,No,Yes,72,71,90,95,93,51,53,52,1,2,1,5,7,6,100,100,93,76,-,-
United Kingdom,67281,14169,3652,1,0,677,2,72,78,81,58,28,30,84,1,1,,3,9,7,4,2,5,4,8,4,4,4,3,2,1,4,3,2,2864,1893,83,88,87,-,-,-,-,26,67,10,-,-,-,-,-,-,-,-,-,-,-,-,-,-,-,-,-,-,-,-,-,-,0,0,1,1,2,2,4,3,-,-,-,-,-,-,-,-,97,83,83,81,-,-,-,-,-,0,-,-,100,100,100,100,66,-,-,-,19,42,7,35,1,1,42329,Very Low,-,Yes,Yes,80,80,65,69,68,55,59,58,3,4,4,2,4,4,-,-,-,-,-,-
United Republic of Tanzania,63588,32079,10537,3,3,2303,5,46,52,66,88,82,6,36,5,4,,0,167,130,47,5,51,43,100,34,40,34,20,27,13,26,18,2,105694,46050,68,46,55,98,62,64,63,6,5400,238,-,-,-,-,-,-,-,-,-,-,-,-,-,-,-,-,-,-,-,-,-,-,45,42,18,15,66,64,84,88,75,84,31,27,32,27,56,35,-,-,-,-,-,-,25,26,24,31,4,23,26,28,25,0,-,54,9,18,17,48,7,40,2,1,1122,High,-,No,Yes,5,2,90,83,87,85,72,80,1,3,2,1,6,3,-,-,-,-,-,-
United States,336998,74735,19164,1,0,3723,2,71,77,77,54,28,26,83,1,1,,2,11,8,6,1,7,6,9,5,6,5,3,2,1,3,3,1,23162,12169,80,83,78,-,97,99,-,31,770,21,-,-,-,-,-,-,-,-,-,-,-,-,-,-,-,-,-,-,-,-,-,-,10,10,1,1,-,-,3,5,-,-,-,-,-,-,-,-,96,77,81,73,-,-,-,-,-,-,-,-,100,100,100,-,-,-,-,-,16,47,5,42,2,1,65298,Very low,-,No,Yes,91,91,63,70,69,53,58,57,4,4,4,4,4,4,-,-,-,-,-,-
Uruguay,3426,811,195,0,0,36,1,69,75,75,54,30,24,96,0,0,,0,23,17,6,5,6,5,20,5,12,8,4,3,1,7,5,2,211,143,79,79,-,97,77,100,100,30,7,19,85,84,85,-,-,93,94,91,88,98,59,75,3,3,3,3,4,87,89,84,79,97,9,0,1,0,1,0,13,8,96,98,66,73,48,29,-,-,-,-,58,49,99,99,4,5,3,25,-,99,100,100,100,100,-,59,13,37,16,46,6,39,2,1,16190,Low,90,Yes,Yes,27,35,77,73,73,50,56,56,2,8,8,7,12,11,82,84,68,61,8,20
Uzbekistan,34081,11809,3847,1,1,803,3,61,66,71,54,46,8,50,2,1,,-1,70,61,14,7,16,12,58,13,30,28,8,7,3,12,6,3,11404,6172,73,71,-,99,-,100,100,17,250,30,51,51,51,-,-,91,91,90,83,95,43,67,5,5,5,6,7,-,-,-,-,-,37,38,0,2,0,2,14,15,-,-,-,-,-,-,-,-,-,-,-,-,100,100,-,-,-,7,1,100,100,100,100,16,29,49,14,30,19,44,7,40,1,1,1725,-,-,Yes,No,98,96,74,76,75,48,50,49,4,7,6,4,7,6,78,66,38,36,-,-
Vanuatu,319,145,45,2,2,9,4,55,69,70,76,70,7,26,3,3,,-1,36,29,23,1,25,21,30,20,17,12,10,7,5,12,11,1,216,93,73,52,51,76,52,89,89,12,8,94,-,-,-,-,-,-,-,-,-,-,-,-,-,-,-,-,-,-,-,-,-,-,4,0,3,4,27,24,58,52,-,-,-,-,-,-,-,-,-,-,-,-,96,97,16,15,16,21,5,-,43,44,43,-,13,-,-,-,-,-,-,38,2,1,3115,-,-,No,No,9,5,83,71,79,64,54,61,1,4,2,1,3,1,-,-,-,-,-,-
Venezuela (Bolivarian Republic of),28200,9560,2396,1,1,452,2,64,72,71,58,44,13,88,1,1,,-18,30,22,24,-1,26,22,25,21,13,11,15,4,4,10,11,0,11322,6779,75,70,-,98,84,99,99,52,1200,259,66,-,-,-,-,-,-,-,-,-,-,-,-,-,-,-,-,-,-,-,-,-,14,14,10,10,15,13,28,19,-,-,-,-,-,-,-,-,-,-,-,-,-,-,-,-,-,-,-,-,81,-,-,-,-,-,-,-,-,-,-,38,2,1,16054,-,-,Yes,Yes,59,65,75,75,75,42,42,42,4,7,7,6,8,8,-,-,-,-,-,-
Viet Nam,97468,26183,7368,1,1,1463,2,56,72,74,46,33,13,38,3,2,,0,52,30,21,2,24,17,37,16,24,15,11,10,3,11,8,2,30455,15404,78,70,70,97,88,96,96,34,1800,124,71,74,69,53,86,76,76,76,52,96,27,46,7,7,6,13,4,89,88,89,81,92,0,0,-,-,-,-,-,-,96,97,81,87,50,61,-,-,82,92,86,81,99,99,7,6,8,11,3,88,96,96,96,44,1,83,3,64,19,43,7,42,1,1,2715,Low,80,Yes,Yes,34,30,86,75,82,78,64,73,2,3,2,2,3,2,78,77,31,30,-,-
Yemen,32982,15348,4714,3,2,1009,4,41,63,64,74,69,5,39,4,3,,-3,126,95,62,2,66,58,89,47,44,37,28,18,7,24,23,0,61914,28554,67,44,41,60,25,45,30,5,1900,183,3,3,3,0,8,33,34,32,16,57,10,49,34,36,33,46,22,-,-,-,-,-,96,96,10,21,23,34,46,68,70,55,55,39,37,23,-,-,-,-,-,-,-,-,-,-,-,32,-,27,31,31,30,-,-,-,-,-,19,45,7,37,2,1,774,Very high,-,No,No,-,-,70,72,71,5,8,6,12,10,12,24,28,25,-,-,-,-,-,-
Zambia,19473,9768,3073,3,2,672,4,51,45,61,82,79,3,45,4,4,,0,182,156,58,5,62,53,108,40,37,35,25,27,10,22,14,2,37822,16492,64,55,66,97,64,80,84,5,890,135,-,-,-,-,-,-,-,-,-,-,-,-,-,-,-,-,-,-,-,-,-,-,-,-,17,13,-,-,-,-,71,73,54,50,33,27,-,-,-,-,5,2,93,92,23,23,23,29,3,13,14,14,14,4,21,9,59,1,9,61,3,57,5,0,1305,Medium,-,Yes,No,23,9,82,75,79,74,67,70,12,10,11,12,14,13,44,45,52,40,-,-
Zimbabwe,15994,7622,2300,1,2,489,3,57,45,59,79,73,6,32,1,2,,-2,80,96,50,3,54,45,51,36,23,28,25,13,11,23,19,1,23960,12211,62,55,85,93,72,86,86,9,1700,357,28,28,29,16,53,37,37,37,29,54,3,69,20,21,20,28,12,71,68,74,66,77,-,-,15,13,-,-,40,45,86,92,45,53,17,14,20,5,-,-,-,-,-,-,28,33,22,34,2,30,49,48,49,-,7,61,16,49,15,51,6,44,2,1,1464,Medium,70,Yes,No,16,9,92,83,89,87,64,78,1,11,5,1,16,6,46,48,59,52,-,-
East Asia and Pacific,2351075,544718,141163,1,0,24171,2,57,72,76,47,28,18,61,3,1,,0,57,39,15,5,16,13,44,12,28,20,7,9,3,14,7,3,369615,176539,80,77,88,97,87,95,89,-,18000,74,-,-,-,-,-,-,-,-,-,-,-,-,-,-,-,-,-,-,-,-,-,-,17,15,3,4,10,8,23,15,95,96,86,89,62,66,-,-,-,-,-,-,99,99,-,-,-,7,1,-,-,-,-,57,14,51,14,27,18,45,7,43,2,1,11386,-,-,-,-,34,29,83,72,76,64,55,59,3,5,4,3,4,3,80,75,59,61,-,-
Europe and Central Asia,921948,196265,52835,0,0,10098,2,68,72,76,54,28,26,73,1,0,,1,31,21,8,5,8,7,25,7,14,10,4,4,1,7,4,3,77934,41355,80,73,74,-,-,98,-,-,1300,13,-,-,-,-,-,-,-,-,-,-,-,-,-,-,-,-,-,-,-,-,-,-,13,13,2,2,2,2,9,9,-,-,-,-,-,-,-,-,-,-,-,-,100,100,-,-,-,-,0,99,100,100,100,85,91,47,16,25,20,42,7,32,1,1,24694,-,-,-,-,76,72,65,67,67,47,52,50,6,7,7,7,7,7,91,90,80,77,-,-
   Eastern Europe and Central Asia,425237,104630,29039,0,0,5528,2,64,67,71,51,32,19,67,1,0,,0,47,35,11,6,12,10,37,9,20,17,6,6,2,10,5,3,60992,31086,76,74,67,-,-,99,98,32,1000,19,-,-,-,-,-,-,-,-,-,-,-,-,-,-,-,-,-,-,-,-,-,-,20,21,4,4,2,2,13,14,99,99,97,96,66,60,-,-,-,-,-,-,100,100,-,-,-,10,-,99,99,99,99,66,81,45,17,24,19,43,7,34,1,1,8437,-,-,-,-,78,73,66,71,69,45,50,48,7,8,7,7,8,8,93,92,66,66,-,-
   Western Europe,496711,91635,23795,0,0,4570,2,71,78,81,56,24,32,77,1,0,,2,10,6,4,3,4,3,9,3,6,3,2,2,1,4,3,2,16942,10269,84,84,82,-,-,98,-,-,290,6,-,-,-,-,-,-,-,-,-,-,-,-,-,-,-,-,-,-,-,-,-,-,4,4,1,1,2,2,6,6,-,-,-,-,-,-,-,-,-,-,-,-,-,-,-,-,-,-,0,100,100,100,100,100,100,-,-,-,20,40,7,30,1,1,38421,-,-,-,-,75,71,64,65,65,50,53,52,5,7,6,7,7,7,89,88,96,92,-,-
Latin America and Caribbean,651297,185463,49512,1,1,9662,2,58,71,72,48,35,13,81,1,1,,0,55,33,16,4,17,14,44,14,23,16,9,6,3,11,8,2,155279,87212,76,74,83,96,90,95,94,47,8400,88,68,-,-,-,-,-,-,-,-,-,-,-,-,-,-,-,-,-,-,-,-,-,5,5,3,2,7,6,23,20,93,95,79,84,59,66,-,-,-,-,-,-,98,99,7,6,6,21,-,-,95,-,-,31,45,59,8,33,13,53,4,48,3,1,8810,-,-,-,-,45,46,80,76,77,45,54,53,4,8,7,7,10,9,81,81,59,52,-,-
Middle East and North Africa,484290,170267,49223,2,1,9763,3,51,69,73,55,47,8,66,2,2,,-1,66,43,22,3,24,20,50,18,28,21,12,11,4,16,11,2,214058,116744,75,69,70,-,-,-,-,-,5200,56,27,30,30,19,36,-,-,-,-,-,-,-,9,9,9,10,8,-,-,-,-,-,51,51,4,6,8,12,28,33,86,84,66,70,42,44,-,-,-,-,-,-,92,88,-,-,-,-,-,89,92,92,92,49,-,-,-,-,20,43,8,36,2,1,7756,-,-,-,-,49,47,75,72,73,17,21,19,7,9,8,17,22,20,91,81,62,47,-,-
North America,375153,81950,21066,1,0,4097,2,71,77,78,54,28,26,83,1,1,,2,11,8,6,1,7,6,9,5,6,5,3,2,1,3,3,1,25035,13443,81,84,83,-,-,99,-,-,810,20,-,-,-,-,-,-,-,-,-,-,-,-,-,-,-,-,-,-,-,-,-,-,9,8,1,0,0,0,3,6,-,-,-,-,-,-,-,-,-,-,-,-,-,-,-,-,-,-,0,100,100,100,100,-,-,-,-,-,16,46,5,40,2,1,63369,-,-,-,-,90,91,64,70,69,53,58,57,4,4,4,4,4,4,-,-,-,-,-,-
South Asia,1901529,631014,170669,1,1,34882,2,48,63,67,51,42,10,35,3,2,,0,130,93,37,4,38,36,92,31,59,46,23,20,5,32,17,3,1287474,801694,69,58,73,85,55,81,81,22,47000,138,16,-,-,-,-,-,-,-,-,-,-,-,-,-,-,-,-,-,-,-,-,-,12,13,9,9,18,15,43,42,85,84,76,72,41,36,-,-,-,-,-,-,92,89,-,-,-,28,4,67,70,70,70,38,22,46,16,24,20,44,8,49,3,1,1961,-,-,-,-,32,20,78,76,77,25,20,24,5,6,5,4,10,5,-,-,-,-,-,-
Sub-Saharan Africa,1182308,575568,185103,3,2,40950,5,44,51,60,82,77,6,42,4,3,,0,179,151,73,4,78,67,107,50,45,40,27,37,15,28,21,1,2904277,1107631,62,36,53,83,54,62,60,5,206000,536,25,24,24,8,54,48,48,48,38,67,3,46,36,36,35,39,29,60,59,62,50,77,51,51,18,22,35,38,55,61,61,62,40,37,31,25,-,-,-,-,-,-,79,74,26,27,25,35,4,41,47,46,45,7,14,34,31,17,16,48,6,42,3,1,1604,-,-,-,-,27,17,76,68,73,66,55,61,4,11,6,4,13,7,58,49,49,36,-,-
   Eastern and Southern Africa,608005,286706,90099,2,2,19573,4,47,51,63,78,72,6,36,4,3,,0,163,135,53,5,57,48,100,38,43,38,23,37,12,26,19,2,1010308,455407,65,47,63,89,56,66,64,6,59000,324,-,-,-,-,-,-,-,-,-,-,-,-,-,-,-,-,-,-,-,-,-,-,49,49,16,18,34,37,56,60,61,63,33,33,26,23,-,-,-,-,-,-,80,80,26,28,24,32,5,32,40,37,36,9,19,39,28,18,15,51,6,44,3,1,1628,-,-,-,-,22,14,81,73,78,71,59,67,4,12,7,6,17,9,61,58,51,43,-,-
   West and Central Africa,574303,288861,95003,3,2,21377,5,41,50,57,87,82,5,48,4,3,,-1,197,168,91,3,97,85,114,61,48,43,31,37,19,29,23,1,1893969,652224,58,42,38,78,53,60,58,4,147000,724,24,24,24,7,55,49,49,49,39,69,3,45,36,36,36,38,30,59,58,61,48,76,53,53,21,27,37,39,54,62,62,60,47,40,35,25,-,-,-,-,-,-,78,68,26,26,26,37,4,48,53,54,52,6,10,31,35,15,17,45,6,40,2,1,1578,-,-,-,-,32,21,71,64,68,58,51,55,4,10,6,3,9,5,55,39,47,27,-,-
Least developed countries,1099569,500147,157433,2,2,34449,4,43,55,64,74,68,6,35,4,3,,0,176,136,61,4,66,56,109,44,52,42,25,37,13,30,21,2,2051993,865498,66,45,59,84,49,66,62,9,-,-,18,18,19,10,38,48,47,48,38,63,2,50,32,32,32,37,23,-,-,-,-,-,48,47,15,19,33,35,54,58,58,58,36,34,24,19,-,-,-,-,-,-,81,77,22,23,21,37,6,41,46,46,45,9,12,33,33,16,18,46,7,40,2,1,1078,-,-,-,-,21,13,81,72,78,61,48,57,3,7,4,4,11,6,63,54,32,23,-,-
World,7909295,2392419,671477,1,1,133975,2,56,66,71,54,39,15,57,2,1,,0,93,76,38,3,40,36,65,28,37,31,18,14,6,21,14,2,5033672,2344618,74,67,78,88,65,82,78,18,287000,223,29,-,-,-,-,-,-,-,-,-,-,-,-,-,-,-,-,-,-,-,-,-,25,25,8,10,16,16,34,33,82,82,70,69,46,44,-,-,-,-,-,-,93,91,-,-,-,19,3,72,76,76,75,48,27,47,17,25,18,45,7,43,2,1,11562,-,-,-,-,43,38,78,72,74,47,48,47,4,7,5,4,8,6,80,73,60,54,-,-
,,,,,,,,,,,,,,,,,,,,,,,,,,,,,,,,,,,,,,,,,,,,,,,,,,,,,,,,,,,,,,,,,,,,,,,,,,,,,,,,,,,,,,,,,,,,,,,,,,,,,,,,,,,,,,,,,,,,,,,,,,,,,,,,,,,,,,,
,,,,,,,,,,,,,,,,,,,,,,,,,,,,,,,,,,,,,,,,,,,,,,,,,,,,,,,,,,,,,,,,,,,,,,,,,,,,,,,,,,,,,,,,,,,,,,,,,,,,,,,,,,,,,,,,,,,,,,,,,,,,,,,,,,,,,,,
,,,,,,,,,,,,,,,,,,,,,,,,,,,,,,,,,,,,,,,,,,,,,,,,,,,,,,,,,,,,,,,,,,,,,,,,,,,,,,,,,,,,,,,,,,,,,,,,,,,,,,,,,,,,,,,,,,,,,,,,,,,,,,,,,,,,,,,
,,,,,,,,,,,,,,,,,,,,,,,,,,,,,,,,,,,,,,,,,,,,,,,,,,,,,,,,,,,,,,,,,,,,,,,,,,,,,,,,,,,,,,,,,,,,,,,,,,,,,,,,,,,,,,,,,,,,,,,,,,,,,,,,,,,,,,,
,,,,,,,,,,,,,,,,,,,,,,,,,,,,,,,,,,,,,,,,,,,,,,,,,,,,,,,,,,,,,,,,,,,,,,,,,,,,,,,,,,,,,,,,,,,,,,,,,,,,,,,,,,,,,,,,,,,,,,,,,,,,,,,,,,,,,,,
,,,,,,,,,,,,,,,,,,,,,,,,,,,,,,,,,,,,,,,,,,,,,,,,,,,,,,,,,,,,,,,,,,,,,,,,,,,,,,,,,,,,,,,,,,,,,,,,,,,,,,,,,,,,,,,,,,,,,,,,,,,,,,,,,,,,,,,
,,,,,,,,,,,,,,,,,,,,,,,,,,,,,,,,,,,,,,,,,,,,,,,,,,,,,,,,,,,,,,,,,,,,,,,,,,,,,,,,,,,,,,,,,,,,,,,,,,,,,,,,,,,,,,,,,,,,,,,,,,,,,,,,,,,,,,,
,,,,,,,,,,,,,,,,,,,,,,,,,,,,,,,,,,,,,,,,,,,,,,,,,,,,,,,,,,,,,,,,,,,,,,,,,,,,,,,,,,,,,,,,,,,,,,,,,,,,,,,,,,,,,,,,,,,,,,,,,,,,,,,,,,,,,,,
,,,,,,,,,,,,,,,,,,,,,,,,,,,,,,,,,,,,,,,,,,,,,,,,,,,,,,,,,,,,,,,,,,,,,,,,,,,,,,,,,,,,,,,,,,,,,,,,,,,,,,,,,,,,,,,,,,,,,,,,,,,,,,,,,,,,,,,
,,,,,,,,,,,,,,,,,,,,,,,,,,,,,,,,,,,,,,,,,,,,,,,,,,,,,,,,,,,,,,,,,,,,,,,,,,,,,,,,,,,,,,,,,,,,,,,,,,,,,,,,,,,,,,,,,,,,,,,,,,,,,,,,,,,,,,,
,,,,,,,,,,,,,,,,,,,,,,,,,,,,,,,,,,,,,,,,,,,,,,,,,,,,,,,,,,,,,,,,,,,,,,,,,,,,,,,,,,,,,,,,,,,,,,,,,,,,,,,,,,,,,,,,,,,,,,,,,,,,,,,,,,,,,,,
,,,,,,,,,,,,,,,,,,,,,,,,,,,,,,,,,,,,,,,,,,,,,,,,,,,,,,,,,,,,,,,,,,,,,,,,,,,,,,,,,,,,,,,,,,,,,,,,,,,,,,,,,,,,,,,,,,,,,,,,,,,,,,,,,,,,,,,
,,,,,,,,,,,,,,,,,,,,,,,,,,,,,,,,,,,,,,,,,,,,,,,,,,,,,,,,,,,,,,,,,,,,,,,,,,,,,,,,,,,,,,,,,,,,,,,,,,,,,,,,,,,,,,,,,,,,,,,,,,,,,,,,,,,,,,,
,,,,,,,,,,,,,,,,,,,,,,,,,,,,,,,,,,,,,,,,,,,,,,,,,,,,,,,,,,,,,,,,,,,,,,,,,,,,,,,,,,,,,,,,,,,,,,,,,,,,,,,,,,,,,,,,,,,,,,,,,,,,,,,,,,,,,,,
,,,,,,,,,,,,,,,,,,,,,,,,,,,,,,,,,,,,,,,,,,,,,,,,,,,,,,,,,,,,,,,,,,,,,,,,,,,,,,,,,,,,,,,,,,,,,,,,,,,,,,,,,,,,,,,,,,,,,,,,,,,,,,,,,,,,,,,
,,,,,,,,,,,,,,,,,,,,,,,,,,,,,,,,,,,,,,,,,,,,,,,,,,,,,,,,,,,,,,,,,,,,,,,,,,,,,,,,,,,,,,,,,,,,,,,,,,,,,,,,,,,,,,,,,,,,,,,,,,,,,,,,,,,,,,,
,,,,,,,,,,,,,,,,,,,,,,,,,,,,,,,,,,,,,,,,,,,,,,,,,,,,,,,,,,,,,,,,,,,,,,,,,,,,,,,,,,,,,,,,,,,,,,,,,,,,,,,,,,,,,,,,,,,,,,,,,,,,,,,,,,,,,,,
,,,,,,,,,,,,,,,,,,,,,,,,,,,,,,,,,,,,,,,,,,,,,,,,,,,,,,,,,,,,,,,,,,,,,,,,,,,,,,,,,,,,,,,,,,,,,,,,,,,,,,,,,,,,,,,,,,,,,,,,,,,,,,,,,,,,,,,
,,,,,,,,,,,,,,,,,,,,,,,,,,,,,,,,,,,,,,,,,,,,,,,,,,,,,,,,,,,,,,,,,,,,,,,,,,,,,,,,,,,,,,,,,,,,,,,,,,,,,,,,,,,,,,,,,,,,,,,,,,,,,,,,,,,,,,,
,,,,,,,,,,,,,,,,,,,,,,,,,,,,,,,,,,,,,,,,,,,,,,,,,,,,,,,,,,,,,,,,,,,,,,,,,,,,,,,,,,,,,,,,,,,,,,,,,,,,,,,,,,,,,,,,,,,,,,,,,,,,,,,,,,,,,,,
,,,,,,,,,,,,,,,,,,,,,,,,,,,,,,,,,,,,,,,,,,,,,,,,,,,,,,,,,,,,,,,,,,,,,,,,,,,,,,,,,,,,,,,,,,,,,,,,,,,,,,,,,,,,,,,,,,,,,,,,,,,,,,,,,,,,,,,
,,,,,,,,,,,,,,,,,,,,,,,,,,,,,,,,,,,,,,,,,,,,,,,,,,,,,,,,,,,,,,,,,,,,,,,,,,,,,,,,,,,,,,,,,,,,,,,,,,,,,,,,,,,,,,,,,,,,,,,,,,,,,,,,,,,,,,,
